smiles,neg_log2_mic
NS(=O)(=O)C1=CC=C(C2=CC3=CC=CC=C3OC2)C=C1,-2.841580541736258
CCNCC1=NN=C(C2=CC=C3C=CC=CC3=C2)O1,-3.9899641193893793
CN(C)C1=CC=C(C2=CC=C3OCOC3=C2)C=C1,-2.5561601443546382
NC(=O)C=CC1=CC=C(C(=O)O)C=C1,-3.890636013908594
C1CCCCC1.OC1=C2N=CN(C3=CC=CC4=CC=CC=C43)C2=NC=N1,-3.2872310329473464
C=CC(=O)NN1CCCCC1.FC(F)(F)C1=CC=CC=C1,-3.683274887204174
C1=CC=CC=C1.O=C(O)C1=CNN=C1[N+](=O)[O-],-3.758319126468723
CCNCC1=C(C2=CC=CC=C2)C2=CC=CC=C2N1.CCO,-5.208809313404856
C1=CC=C(C2=CC=CC=C2C2=NN=NN2)C=C1.C1CCC1,-2.524173629221645
CN(CC1=CC=C2C=CC=CC2=C1)CC1CCC1.C[SH](=O)=O,-3.001499164963687
COC(=O)C1=CNC(C2=CC=CC=C2Cl)=N1,-3.1479981530870713
O=C(O)C1=C(C(=O)CC2CCCO2)C2=CC=CC=C2N1,0.24050186912856342
O=C(NC1=CC=C2N=CC=CC2=C1)C1=CC=CN=C1[N+](=O)[O-],-5.146319658116934
O=C(NC1=CC=CC=C1)NC1CCCC2=CC=C([N+](=O)[O-])C=C21,-1.9253422372102276
CN(C)C(=O)N1N=NN=C1C1=CC=CC=C1C1=CC=CC=C1,-4.953148060012415
CC(C)C1=CNC(C2=CC=CC=C2C2=CC=CC=C2)=N1,-3.0175125481685043
O=C(NC1=CC=CC=C1[N+](=O)[O-])C1CCCC2=CC=CC=C21,-2.851741128336592
O=C(NC1=CCOC2=C(C3=CC=CC=C3)C=CC=C12)C1CCCCC1,-3.977754030129542
O=C(OC1CCN(CCCO)CC1)C1=CC=C2C=CC=CC2=C1,-2.2150939128638423
CN(C)C1=CC=C(C(=O)NC2=CC=C3CCCCC3=C2)C=C1,-0.05571359944104448
CN(C)C(=O)N1N=NN=C1C1=CC=CC=C1C1=CC=CC=C1,-4.953148060012415
CN(C)C(=O)C1=NN=C(C2=CC=CC=C2[N+](=O)[O-])O1,-4.4147650515637915
NC(=O)C1=NOC=C1C1=CC=CC=C1[N+](=O)[O-],-5.072753975722524
CN(C)C(=O)N1N=NN=C1C1=CC=CC=C1C1=CC=CC=C1,-4.953148060012415
CC(C)C1=CN=C(C(=O)NC2CCCCC2)C=N1,-7.108393734192994
O=C(O)C1(CNCC2=CC=C3C=CNC3=C2)CCCCC1,1.5756682337748265
CC(C)C1=CC(C(=O)NC2=NC=CS2)=NO1,-3.9660859780115065
CC(=O)NC1=CC=C(C(=O)NC2=CC=C3OCOC3=C2)C=C1,-4.678135076885146
O=S(=O)(NC1=NNC=C1)C1=CC=C(C2=CC=CC=C2)C=C1,-4.582286247591242
CCOC(=O)C1=CC(C2=CNC3=CC=CC=C32)N(C2=CC=CC=C2)CN1,-3.723052383232589
CC(=O)OC1=CC=C(C2=CC=C(C3=NC4=CC=CC=C4O3)C=C2)C=C1,-3.0398037252478782
CC(=O)NC1=CC=C(C2=CC=CC=C2C2=CC=CC=C2)C=C1,-4.775717622014831
O=C(NC1=CC=CC=C1)C1=CC=C(C(F)(F)F)C=C1,-1.2492684947583803
C1=CC=C(C2=CC=CC=C2)C=C1.C1=NC=C2N=CN(C3CCOC3)C2=N1.CCC(=O)O,-5.359598826637351
O=C1C=C(C2CCCC3=CC=CC=C32)NCN1.O=[N+]([O-])C1=CC=CC=C1,-3.535113049582438
CC(=O)NCC1CCCC2=CC=CC=C21.ClC1=CC(C2=CC=CC=C2)=CC=C1,-3.8515081594323544
C1=CC=CC=C1.O=C(O)N1CC(C2=CC=C3OCOC3=C2)=C([N+](=O)[O-])C=N1,-2.9329051676865863
CCC.O=C(NC1=CC=NN1)C1=CC=C(C2=CC=CC=C2)C=C1,-2.9870153302712374
C1=CC=C(C2=CC=CC=C2)C=C1.CC(C)N1C=NC2=CN=C(N3CCOCC3)N=C21,-3.7044430436275317
CCC.O=C(NC1=CC=CC(C(F)(F)F)=C1)C1=CC=CC=C1,-0.5598272129944507
C1CCC1.O=C(O)C1=CC=C(C2=CC=CC=C2C2=NN=NN2)C=C1,-1.7589754548232566
CCC.O=C(NC1=CC=C2CCCCC2=C1)C1=CC=CC=C1[N+](=O)[O-],-0.7442341708932738
C1=CC=C(C2=CC=CC=C2C2=NN=NN2)C=C1.CCCN1C=CN=N1,-3.2250437139318526
O=C(NC1=CC=CC=C1)C1=CC=CC=C1.O=[SH](=O)NCC1=CC=C2OCOC2=C1,-5.083574643108875
C1=CC=C(C2=CC=CC=C2C2=NN=NN2C2=CC=CC=C2)C=C1.C1CCC1,-2.825435162449687
C1=CC=C2NCCCC2=C1.CCOC1=CC=CC=C1C1=CC=CC=C1C1=NN=NN1,-3.593892761766468
CC(=O)NC1=CC=CC=C1C1=CC(Cl)=CC=C1Cl,-3.103912064044819
ClC1=CC=C(Cl)C(C2=CC=CC=C2C2=NNN=N2)=C1,-1.9246855692506588
ClC1=CC=C(Cl)C(C2=CC=CC=C2C2=NN=NN2)=C1,-2.251003271244758
ClC1=CC=C(Cl)C(C2=CC=CC=C2C2=NN=NN2)=C1,-2.251003271244758
[NH2+]=[N+]([O-])C1=CC=CC=C1[N+](=O)[O-],-2.78269031420165
CC(=O)NC1=CC=C(C2=CC=NC3=C(Cl)C=C(Cl)C=C23)C=C1,-3.250855924133475
CC1=CC=C(Cl)C(C2=CC=CC=C2C2CNCS2)=C1,-4.218064189402648
CN(C)C(=O)N1N=NN=C1C1=CC=CC=C1C1=CC=CC(Cl)=C1,-4.540438571190135
CC(=O)C1=CC=C(C2=NCC(C)N2)C(C2=CC=CC=C2)=C1,-3.492778543526195
CC(=O)C1=CC(C2=CC=CC=C2C2=NN=NN2O)=CC=C1,-2.952639836624374
O=C(C1=CC=C(Cl)C=C1)N(C1=CC=CC=C1)C1=NCCN1,-1.9719840815647025
CC(=O)C1=CC=CC=C1C1=C(Cl)C=CC=C1C1=NN=NN1,-3.446869804406008
CC(=O)C1=CC=C(C(=O)NC2=C(Cl)N=CC=N2)C=C1,-3.0519463609967357
CC1=CC=C(C2=CC=CC=C2C2=CC=CC=C2[N+](=O)[O-])C=C1,-4.199522905572062
O=C(NC1=CC=CC=C1C1=NN=NN1)C1=CC=C(Cl)C=C1,-1.7811585256060152
CC(C)N1C(C2=CC=CC=C2)=NC2=C(C3=CC=CC=C3)N=C([NH3+])N=C21,-2.925907066676924
CNC(=O)CC1=CC=CC=C1C(=O)NC1=CC=C2OC(Cl)=NC2=C1,-5.349091336266264
CCC(=O)C1=CC=C(C2=CC=CC=C2C2=NN=NN2)C=C1,-3.871173467691441
O=C(NC1=CC=CC=C1C1=NN=NN1)C1=CC=C(Cl)C=C1,-1.7811585256060152
CC1=CC=C(C2=CC=C(C3=NN=NN3C(=O)N(C)C)C=C2)C=C1,-5.0600871699820935
CC(=O)OC1=CC(C2=CC=CC=C2C2=CC=C(Cl)C=C2)=CC=C1,-3.9762939426731236
O=C(O)C1=CC=C2CC(C3=CC=C4C=CC=CC4=C3)N(C3=CC=CN=C3)C(=O)C2=C1,-2.862622222826529
CC(C)(C)C1=CC=C(C2=C(Cl)NC3=CC=C([N+](=O)[O-])C=C32)C=C1,-3.705784886685238
NC(=O)NC1=CC=C(C2=C(C(=O)O)NC3=CC=C(Cl)C=C32)C=C1,0.9883248170976677
NC(=O)C1(C2=CC=CC=C2)CCN(C2=CC=C(Cl)C=C2)CC1,-4.097325817575166
CN(C)C1=CC=CC=C1C1=CC=C([NH2+]C2CCCC3=CC=CC=C32)C=C1,-3.148670279142906
ClC1=CC=C(C2CCNC3=CC=CC=C32)C=C1C1=CC=CC=C1C1=NN=NN1,-3.878731673747632
O=[N+]([O-])C1=CC=C2CCCC(CC3=CC=C(Cl)C=C3)C2=C1,0.5373079574282391
CC(C)N1C=NC2=C(CC3=CC=C(C4CCCCC4)C=C3)N=CN=C21,-4.428499670473572
C1=CC=C2C(=C1)C=CC=C2C1=C2N=CN(CC3=CC=C(C4CCCCC4)C=C3)C2=NC=N1,-4.364019534348254
CC(=O)C1=CNN=C1NC(=O)C1=CC=CC=C1Cl,-2.395374161323077
CN(C)C(=O)C1CCN(CCC(O)C2=CC=C(Cl)C=C2)CC1,-1.6730052775330115
O=C(O)C1=CC=C(C2=CC=C(C3=NN(C4=CC=C5OCOC5=C4)N=N3)C=C2)C=C1,-1.1995212794676204
O=C(NC1=CC=C(C2=CC=C(C(F)(F)F)C=C2)C=C1)C1CCCNC1,-3.560342268724878
CN(C)C(=O)N1CCC(C2=CC=CC=C2C2=CC=C([N+](=O)[O-])C=C2)CC1,-3.3513865490510737
O=C(NN1CCCCC1)C1=CC=CC=C1C1=CC=C([N+](=O)[O-])C=C1,-3.788519428464981
CN(C)C(=O)C1=CC=C(C2=CC=CC=C2[N+](=O)[O-])C=C1C(F)(F)F,-3.861036369367252
O=[N+]([O-])C1CC(C2=NC(C3=CC=CC=C3C3=CC=CC=C3)=CO2)C1,-4.125029938156176
O=C(CC1=CC=CC=C1)OC1=CC=CC=C1C1=CC=CC=C1C(=O)O,-3.6477138378754907
CCOC1=NC(C2=CC=C([N+](=O)[O-])C=C2)=C(C2=CC=C3C=CC=CC3=C2)O1,-2.7067375604610913
CCOC1=CC=CC=C1N1CCC(C2=C(C(F)(F)F)C=NC=C2)CC1,-4.402623419587419
O=C(O)CCC1=NOC(C2=CC=CC=C2)=C1C1=CC=C(C(=O)O)C=C1,-3.3257056322904663
CC(C)(C)C1=CC=C(C=CCC2=CC=C(C(C)(C)C)C=C2)C=C1,-2.733408598400725
CN(C)C(=O)N1N=NN=C1C1=CC=CC=C1C1=CC=CC=C1C1=CC=NC=N1,-4.584517031561504
CC(=O)C1=CC=C(C(=O)NC2=CC=C3CCCCC3=C2)C(C2=CC=CC=C2)=C1,-1.115728485451445
CC(=O)OC1=CC=C([N+](=O)[O-])C(C(=O)NC2CCCN2)=C1,-3.026662335876625
CN(C)N1C=C(OC(=O)C2=CC=CC=C2C2=CC=CC=C2)N=N1,-3.226098076549907
CCOC1=CC=C(NC(=O)C2=CC=C(C3=NN=NN3)C=C2)C=C1,-2.49056853095688
C1=CC=C(C2=CC=CC=C2C2=NC(C3=CC=CN=C3)=CC(C3=NN=NN3)=N2)C=C1,-3.4267728739784493
O=C(NC1=CC=CC=C1)C1=C(C2=CC=CC=C2)ON=C1[N+](=O)[O-],-4.928296259324268
CCOC1CCN(CC(=O)C2=CC=C(C3=CC=C4C=CC=CC4=C3)C=C2)CC1,-3.270980759436112
O=C(O)C1(CCCC2=C3OCOC3=CC=C2[N+](=O)[O-])CCCCC1,-4.832158945818226
O=C(CC1=CC=CC=N1)C1=CC=C(NC(=O)C2=CC=CC=C2)C=C1,-1.991459827390031
O=[N+]([O-])C1=C(C2=CC=CC=C2C2=CC=CC=C2C2=CC=CC=C2)C=NC=C1,-4.2216974442887
O=C(O)C1=CN=C(C(CCN2CCOCC2)C2=CC=CC=C2)S1,-3.9581268652248784
O=[N+]([O-])C1=CC=C(C2=CC=CC=C2N2CCCCC2)C=C1C(F)(F)F,-4.305611217983608
CC(C)N1CCN(C2=NOC=C2C(=O)NC2=CC=CC=C2)CC1,-3.320210981708566
CCOC1=CC=CC=C1C1=CC=CC=C1C1=CN(NC(C)=O)N=N1,-2.408404734212006
O=C(NN1CCC(N2CC3=CC=CC=C3C2)CC1)C1=C(C2=CC=CC=C2)SC2=CC=CC=C21,-3.9277153694978146
O=C(O)C1=C(C2CCC2)OC(C2=CC=CC=C2C2=CC=CC=C2)=N1,-3.090471148964096
CC(C)N1C2=CC=CC=C2C(C(=O)NC2=CC=CC=C2)=C1C(=O)O,-1.91067310611708
CCON1C=C(C2=CC=CC=C2C2=CC=C(NC(N)=O)C=C2)N=N1,-2.8613263525486277
O=C(ON1CCCCC1)C1=CC=C2CN(C3=CC=CC=C3[N+](=O)[O-])CC2=C1,-2.771056591102596
CC(=O)C1=CC=CC=C1NC(=O)C1=CC=CC=C1C1=NN=NN1,-3.5114573441872015
COC(=O)C1=C(C(=O)OC)N(CC(=O)O)C2=CC=C([N+](=O)[O-])C=C21,-4.806637026619214
NC(=O)NN1C=C(C2=CC=CC=C2C2=CC=CC(C(F)(F)F)=C2)N=N1,-3.214198956005866
CCOC1=CC=C(N2N=CC(C(=O)O)=C2C2=CC=CC=C2)C=C1,-2.942691046018337
CN(C)C(=O)C1CN(C2=CC=CC=C2[N+](=O)[O-])N=C1C1=CC=CC=C1,-3.3643420397581383
CCOC1=CC(C(=O)O)=CC=C1N1CC2=CC=CC=C2N=C1C(C)N,-2.9095207819939963
O=C(O)C1=CC=CC=C1NC(=O)C1=CC(C2=NC3=CC=CC=C3O2)=CC=C1,-2.284338354711106
CCCC(C1=CC=CC=C1)C1=CC=C(C2=C(C(=O)O)C3=CC=CC=C3N2)C=C1,-1.5360898323027505
O=[N+]([O-])C1=CC=C(C2=NC=CS2)C=C1C1=CC=CC=C1C1=CC=CC=C1,-3.9612614459404716
CNCC1CC(C2=C3N=CN(C4CCCCC4)C3=NC(C3=CC=CC4=CC=CC=C43)=N2)CO1,-4.6432935316735815
CC(=O)C1=NOC(NC(=O)C2=CC=CC=C2C2=CC=CC=C2)=C1,-3.1481872638232113
CC(C)OC1=CC=C(C(=O)NCC2CCN(C3=CC=CC=C3)CC2)C=C1,-3.468807854325222
COC(=O)C1CCN(C2=CC=CC=C2C2=CC=CC(C(F)(F)F)=C2)CC1,-4.295526115074132
C1=CC=C(C2=CC=CC=C2C2=NC=CC=C2CNCCC2=CNC3=CC=CC=C23)C=C1,-2.3590225407853502
CC(C)C1=C(C(N)=O)C(C2=CC=CC=C2)=NN1C1=CC=CC=C1,-3.690218583745159
O=C(NC1=CC=CC=C1C1=NC2=CC=CC=C2O1)C1(C2=CC=CC=C2)CCCCC1,-3.986389284061944
C1=CC=C(C2=CC=CC=C2N2C=C(C3=CSC=C3)N=C2C2=CC=CC=C2)C=C1,-4.459810345592537
CC(=O)NC1=CC=C(C(=O)NC2=CN(C(C)C)N=C2)C=C1,-3.262548669054637
O=C(NC1=CC=C(C2=CC=C(C(F)(F)F)C=C2)C=C1)C1=CC=CC=C1,-0.07777230281293401
O=C(O)CC1=CC=C(C2=CC=CC=C2C(=O)NC2=CC=CC=C2)C=C1,-2.389562519390471
CCCNC(=O)N1N=NN=C1C1=CC=C(C2=CC=C([N+](=O)[O-])C=C2)C=C1,-5.183651562863336
CN(C)C1=NOC(OC(=O)C2=CC=C([N+](=O)[O-])C=C2)=C1,-4.926301562642435
O=C(C=CC1=CC=C(C2=CC=CC=C2)C=C1)NC(=O)NC1=NC2=CC=CC=C2O1,-4.198785735059211
CN(C)C1=CC=C(C2(C3=CC=C4NCC=C([N+](=O)[O-])C4=C3)CCCCC2)C=C1,-1.129322701684912
ClC1=CC=C2N=CC=CC2=C1.OCCCN1CCN(C2=CC=C(Cl)C=C2)CC1,-3.4472962069575592
CN(C)C(=O)C1CCC1.FC1=CC=C(C2=CC=C(F)C=C2)C=C1,-1.2563497332240978
CCOC(=O)C1=CNC2=CC=C(F)C=C21.O=S(=O)(NC1=CC=CC=C1)C1=CC=CC=C1,-1.6427665561448972
CN(C)C(=O)C1CCN(C2=NC=CS2)CC1.FC1=CC=C(C2=CC=CC=C2)C=C1,-3.1144075091460883
CC(C)OC1=C2C=CC=CC2=NC=N1.CC(C)OC1CCN(C2=CC=C(Cl)C=C2)CC1,-4.408608312650904
CC(=O)C1=CC=CC=C1C1=CC=CC=C1C1=NN=NN1.ClC1CCC1,-3.670151164228654
C1=CC=CC=C1.O=C(NC1=CC=CN=C1)C1=CN(C2=NC3=CC=CC=C3C=C2)N=C1Br,-4.009560970365001
CC(C)(C)C1=CC=CC=C1.O=[N+]([O-])C1=CC=C([NH2+]C2=CC=CC3=CC=CN=C32)C2=CC=CN=C21,-3.894249996362937
CC(=O)NCC1CCCC2=CC=CC=C21.O=[N+]([O-])C1=CC=C(C2=CC=CC(Cl)=C2)C=C1,-3.331733888325296
C1CCCCC1.CN(C)C1=CC=C(C2=C3N=CN(C4=CC=CC5=CC=CC=C54)C3=NC(C(=O)O)=N2)C=C1,-4.106127296231055
C1=CC=C(C2=CC=CC=C2)C=C1.CC=CC1=C(CNCCN2CCCCC2)C2=CC=CC=C2N1,-4.5125907103893
ClC1=CC=C(C2=CC=CC=C2C2=NN=NN2)C=C1.O=C(O)C1CCC2=CC=CC=C2N1,-3.6743274600289926
C1=CC=C2N=CC=CC2=C1.O=C(NC1=CC=C(N2CCN([SH](=O)=O)CC2)C=C1)C1=CC=CC=C1,-3.7061619036305364
COC(=O)CC1=NC=CN=C1.O=C(NC1CCCCC1)C1=CC=CC=C1[N+](=O)[O-],-4.818784681230495
C1CCC1.O=CNC1=CC=C(C2=CC=CC=C2C2=CC=CC=C2C(=O)O)C=C1,-1.2372312300261166
FC(F)(F)C1=CC(C2=CC(Cl)=CC=C2Cl)=CC=C1Cl,0.40073607842521963
CN1N=NN=C1C1=CC=CC=C1C1=CC(Cl)=CC=C1Cl,-1.9262423701859892
ClC1=CC=C(Cl)C(C2=C(Cl)C=CC=C2C2=NN=NN2)=C1,-2.833803011392134
O=C(O)C(C1=CC=C(Cl)C=C1)N1C(=O)C2=CC=CC=C2C1=O,-4.241660471466783
FC(F)(F)C1=CC(C2=CC(Cl)=CC=C2Cl)=CC=C1Cl,0.4007358776707226
CC1=CC=C(C2=CC(C)=CC=C2C2=C(C)NC3=CC=CC=C32)C=C1,-2.259287305184722
ON1N=NN=C1C1=CC=CC=C1C1=CC(Cl)=CC=C1Cl,-1.8354700198568086
ClC1=CC=C(Cl)C(C2=CC(Cl)=CC=C2C2=NNN=N2)=C1,-0.7968667803802708
NC(=O)C=C(Cl)C1=CC=C(Cl)C(C2=CC=CC(Cl)=C2)=C1,-2.1543947869343416
NC(=O)C=C(Cl)C1=CC=C(Cl)C(C2=CC=CC=C2Cl)=C1,-2.289106173636749
CC(=O)OC1=CN(CC2=CC=C(CO)C=C2)C2=CC=CC=C12,-3.2538511812281756
CCOC1=CC=CC=C1N1CC2=CC(Cl)=C(Cl)C=C2N=C1C1=CC=CC=C1,-2.5005600822707703
O=C(CC1=CNC2=CC=CC=C12)NC1=CC=C(O)C=C1C1=CC=C(O)C=C1,-3.7734979732296616
CC(=O)C1=CC=C(Cl)C=C1C1=CC=C(C2=NN=NN2C)C=C1,-4.390168610595782
CN(C)C(=O)N1N=NN=C1C1=CC=C(C2=CC(O)=CC=C2F)C=C1,-5.506018315979938
CC1=CC(Cl)=C2N=C(NC(=O)C3=CC=CN=C3)C=C(C(=O)N(C)C)C2=C1,-3.281977890025294
CN(C)C(=O)N1N=NN=C1C1=C(Cl)C=CC=C1C1=CC=C(F)C=C1,-4.407985170692329
CC(=O)C1=CC=C(F)C=C1C1=CC(F)=CC=C1C1=NN=NN1,-3.5252066181752606
O=C1CCC(CCNCC2=CC=CC=C2C2=CC=C(F)C=C2)C2=CC=CC=C12,-1.1246392247423063
ClC1=CC=CC2=C(Cl)C(N3N=NN=C3C3=CC=CC=C3C3=CC=CC=C3)=CC=C12,-3.4659788219540077
CCOC1=CC(Cl)=C(C2=CC=CC=C2C2=NNN=N2)C=C1Cl,-2.5521463593195914
O=C(O)C1=CC=CC=C1NC(=O)C1=CC(Cl)=CC=C1Cl,-2.0300079530676634
CC1=CC=C(Cl)C(C2=CC=CC=C2C2=NN=NN2C(=O)N(C)C)=C1,-4.006927874382823
O=C(NC1=CC=C(Cl)C2=CC=CC=C12)C1(C2=CC=C(F)C=C2)CCCCC1,-2.5994358878698964
ClC1=CC=C(C2=CC(CC3=NN=NN3)=CC=C2Cl)C=C1,-3.528164133424532
CN(CC1=CC=C(Cl)C=C1)C1=CC=C(Cl)C=C1Cl,-3.340701190195677
CN1CCN(C2=CC=C(C3=CC(Cl)=CC=C3C3=NNN=N3)C=C2)CC1,-3.6046479831868083
CC(=O)OC1=CC=CC=C1C1=CC=C(Cl)C(OC(C)=O)=C1Cl,-4.847069383816724
CC1=CC=C(C2=CC(Cl)=CC=C2C(=O)NC2=NC=CS2)C=C1,-0.911702819431143
O=C(NC1=CC=C(Cl)C=C1)NC1=CC=C(Cl)C(C(F)(F)F)=C1,0.42933215123623936
CN(C)C(=O)N1N=NN=C1C1=CC=CC=C1C1=C(Cl)C=CC=C1Cl,-4.658841164445443
CN(C)C(=O)N1N=NN=C1C1=CC=CC=C1C1=CC=CC(Cl)=C1Cl,-4.364415020707273
O=C(NN1CCCCC1)C1=CC=CC=C1C1=CC(Cl)=CC(Cl)=C1,-3.3276465267671123
NC(=O)NC1CCC(C2=NC(C3=CC=C(F)C(Cl)=C3)=CO2)OC1,-5.514015170611994
O=C(O)NC(=O)C=CC1=CC=C(C2=CC(O)=CC=C2Cl)C=C1,-2.9477618034798985
CN1CCN(C2=CC=C(Cl)C(C3=CC=CC=C3C3=NNN=N3)=C2)CC1,-3.8051079733035995
CN(CC1=CN(N2CCCCC2)N=N1)C1=CC=CC=C1C1=CC=C(Cl)C=C1,-4.4169307910770375
CN(C)C1=CC=CC=C1C1=CC=CC=C1N1CCC(C)(C(N)=O)CC1,-4.465483266167741
CC(=O)C1=CC=C(F)C=C1NC(=O)C1=CC=C(C(C)C)C=C1,-1.8114589539076336
CCCCN1CC(C2=NCCN2)N=C1C1=CC=CC=C1C1=CC=C(F)C=C1,-3.0341661374641395
CCCC1=NN(C2=CC=CC=C2Cl)C(C(=O)O)=C1C1=CC=CC=C1,-2.0180021816971108
CCCN1CCN(C2=CC=C(C3=CC=C(Cl)C(C(F)(F)F)=C3)C=C2)CC1,-2.5434868140930567
CCNC(=O)C1=C(C2=CC=C(Cl)C=C2)ON=C1C(=O)NC1=CC=CC=C1,-4.729423233505976
CN(CC1=CC=C(Cl)C=C1)C(=O)N1N=NN=C1C1=CC=CC=C1C1=CC=CC=C1,-4.460288542804305
O=C(NC1=CC=CC=C1)N(C1=CC=C(F)C=C1)C1=CN(C2=CCCCC2)N=N1,0.13791943287474573
NC(=O)C1CCN(C2=CC=CC=C2C2=CC=C(Cl)C(C(F)(F)F)=C2)CC1,-4.137718224627782
O=C(NC1=CC=CC=C1C1=NC=C(Cl)C(N2CCOCC2)=N1)C1=CC=CC=C1,-3.037072661071182
O=C(NC1=CC=CC(Cl)=C1)C1=CC=C(N2C=NC(C3=CC=CC=N3)=N2)C=C1,-3.218644262832137
O=C(NCCC1=CC=CC=C1)C1=C([N+](=O)[O-])C(C2=CC=C(Cl)C=C2)=NO1,-4.353662007586399
O=C(CN1CCC(C(=O)O)CC1)C1=C(C2=CC=CC=C2)C2=CC(Cl)=CC=C2N1,-4.078792764678957
O=C(CN1CCCCC1)C1=CC=C(C(=O)NC2=CC=C(Cl)C=C2)C=C1,-2.9982403172144734
O=C(NCC1=CSC=C1)C1=C(Cl)N=CC(N2CCN(C3=CC=CC=C3)CC2)=N1,-5.627861439804212
NC1=CC=C(C2=CC=CC=C2C2=C(C(=O)O)C([N+](=O)[O-])=NO2)C=C1,-4.5818572352312295
O=[N+]([O-])C1=CC(C2=CC(Cl)=CC=C2C2=NNN=N2)=CC=C1C1=NNN=N1,-2.790630054179321
CC(=O)OC1=CC=C(Cl)C=C1C1=CC=CC=C1C(=O)NN1CCCCC1,-3.4283925612599533
CC=CC1=CC=CC=C1C1=CC=C(C2CN(CNC(C)=O)C2O)C=C1,-3.2347768942081503
CN(C)C(=O)N1CCC(NC(=O)C2=CC=C(C(F)(F)F)C(Cl)=C2)CC1,-1.015885796006317
O=C(CC1=CC=C(Cl)C2=CC=CC=C12)C1=CC=C(C2=CC=CC=C2C2=NN=NN2)C=C1,-4.009675801937265
NC(=O)C1CCN(CC(=O)C2=CC=CC=C2C2=CC=C(Cl)C=C2)CC1,-4.906048244461742
ClC1=CC=C(Cl)C(C2=CC(C3=NC=CC=C3)=CC=C2Cl)=C1,-1.5396271265392532
CC(=O)OC1=C(Cl)C=C(C2=CC=CC=C2[N+](=O)[O-])C(Cl)=C1,-3.6676573918673694
ClC1=CC=C(Cl)C(C2=CC=CC=C2C2=NN(C3CCCCC3)N=N2)=C1,-3.0484684900913344
CCOC(=O)C1=CC=C(C2=CC=CC=C2C2=NN=NN2O)C(Cl)=C1,-3.9524752246263524
O=C(NC1=CN(CC2=CC=CS2)N=N1)NC1=CC=CC=C1Cl,2.209908904715222
NC(=O)C1CCN(C2=CC=CC=C2C2=CC(Cl)=CC=C2Cl)CC1,-4.201547313919446
CN(C)C(=O)N1CCC(C2=C(Cl)C=CC(Cl)=C2)(N2CC3=CC=CC=C3C2)CC1,0.6501986352149074
O=[N+]([O-])C1=CC=C(C2=CC=C(Cl)C(C(F)(F)F)=C2)C([N+](=O)[O-])=C1,-1.916586179259277
O=C(CC1=CC=C(C2=NN=NN2)N=C1[N+](=O)[O-])C1=CC=C(Cl)C=C1,-5.061158797486887
O=C(NC1=CC=CC=C1C1=NN=NN1)C1=CC=C(OC2=CC=C3OCOC3=C2)C=C1,-3.0103823506998397
O=C(C1=CC=C(C(F)(F)F)C=C1)N(C1=CC=C(F)C=C1)C1=CN=CC=C1,-1.629426168878529
FC(F)(F)C1=CC(C2=CC(C3=CC=CC=C3)=CC=C2C(F)(F)F)=CC(Cl)=C1,-1.8810187559753153
O=C(O)C1=CC=CC=C1C1=CC=CC=C1C(=O)NC1=CC=C(Cl)C=C1,-2.580123104507478
CC(=O)OC1=CC=C(C2=CC=CC=C2N2CNCC2C)C=C1[N+](=O)[O-],-4.493814343042769
O=C(O)CCC1=CC=C(C2=CC=CC=C2C2=NN=NN2C2=C(O)C=C3C=CC=CC3=C2)C=C1,-3.3149455927621982
O=[SH](=O)NC1=NC=C(C(F)(F)F)C(N2CCN(C3=CC=C(Cl)C=C3)CC2)=N1,-3.1148395328235545
O=C(Cl)NC1=CC=C(C2=CC=C(C(=O)CN3CCOCC3)C=C2)C=C1,-3.047488005128163
CCOC1=CC=C(N2CN(C3CCCCC3)C=C(Cl)C2N2CC3=CC=CC=C3C2)C=C1,-5.361825595517674
O=C(NC1=CC=C(F)C(C2=CC=CC=C2C2=CC=CN=C2)=C1)C1=CC=CC=N1,-5.306172032360365
CN(CC1=CC=C2C=CC=CC2=C1)C(=O)N1N=NN=C1C1=CC=CC=C1C1=CC=CC=C1Cl,-4.222188489788273
O=C(NN1CCOCC1)C1=CC=C(Cl)C(C2=CC=CC=C2[N+](=O)[O-])=C1,-3.3405353669811846
CCON1C=C(C2=CC=CC=C2C2=CC=CC=C2C2=NN=NN2C)N=N1,-2.409647404548212
O=C(C1=CC(Cl)=CC=C1Cl)N(C1=CC=CC=C1)C1=CN2C=CC=CC2=N1,-1.8965769283582672
CN(C)C(=O)C1CCN(C2=NC(C3=CC=CC=C3C3=CC=CC=C3Cl)=CS2)CC1,-3.4601806305726983
C1=CC=C(C2=CC(N3CC4=CC=CC=C4C3)=CC=C2[NH2+]N2CCC(N3CC4=CC=CC=C4C3)CC2)C=C1,-3.743539781156742
O=C(NC1=CC=C2OCOC2=C1)N1CCC(C2=CC=C(Cl)C([N+](=O)[O-])=C2)CC1,-3.4668075365174746
O=C(NC1=CC=C(Cl)C(C(F)(F)F)=C1)N(C1=CC=CC=C1)C1=NC=CC=C1,-0.26791682423498364
O=[N+]([O-])C1=CC(Cl)=CC=C1N1CCN(C2=CCN(C3CCCCC3)CN2)CC1,-2.450271080781329
O=C(NC1=CC=CC=C1)C1=C(C2=CC=CC=C2Cl)ON=C1[N+](=O)[O-],-4.284530389766429
O=C(O)C1=C(CCC(=O)N(C2=CC=CC=C2)C2=CC=C(C3=CC=CC=C3)C=C2)C2=CC=CC=C2N1,0.030693444728906005
NC(=O)C=CC1=CC=C(C(=CC(=O)NC(=O)NC2CCNCC2)C2=CC=CC=C2)C=C1,-4.804692920070615
CC(C)N1CCN(C2=CN(C3=CC=C(C4=CC=CC(C(F)(F)F)=C4)C=C3)C=N2)CC1,-2.1686388203801683
CN(CC1=CN(C(=O)NC2=CC=CC3=CC=CC=C32)N=N1)C1=CC=CC=C1C1=CC=CC=C1,-5.305704274382439
CCOC1=CC=C(C2=CC=CC=C2C2=CN(C(=O)CC3=CC=CC4=CC=CC=C43)N=N2)C=C1,-3.0884780583182394
CC(=O)C1=CC=C(NC(=O)C2=CC=CC=C2C2=CC=CC=C2C2=NN=NN2)C=C1,-2.9243606547868115
O=C(CC1=CC=CC=N1)C1=CC=CC=C1NC(=O)C1=CC=C(C2=NN=NN2)C=C1,-3.871878718239275
O=C(CN1CCN(C2=NC=C([N+](=O)[O-])C=N2)CC1)C1=CC=CC=C1C1=CC=CC=C1,-2.9382471444735456
CN(CC1=CC=CC2=CC=CC=C21)C(=O)C1CCCCC1(NC(=O)C1=CC=CC=C1)C1=CC=CC=C1,-3.6119128869229358
O=C(C1=CC=C(C2=CC=CC=C2)C=C1)N(C1=CC=CC=C1)C1=CC=C(C2=CC=CN2)N=C1,-3.4764730625282954
CC(=O)C1=CC(C2=CC=CC=C2C2=CC=CC=C2NC(=O)C2=CC=CC=N2)=CN1,-4.5144153680122034
O=C(CC1=CC=CC2=CC=CC=C21)C1([N+](=O)[O-])CCN(C2=CC=CC=C2C2=CC=CC=C2)CC1,-3.586086824661023
CCOC1=CC=C(C(C(=O)NCC2=CC=CC=C2)C2=CN(C(N)=O)N=N2)C=C1,-4.504040777118107
CCOC1=CC=C(C2=CC=C([N+](=O)[O-])C(C(F)(F)F)=C2)C=C1C(F)(F)F,-3.0778109681220656
O=C(O)C1CN(C(=O)CC2=CC=C3C=CC=CC3=C2)C(C2=CC=CC=C2C2=CC=CC=C2)=N1,-3.138346679891038
CCNC1CCC(C(=O)N(C2CCCCC2)C2CCN(C3=NC=CS3)CC2)CO1,-3.8645033995298173
CN(C)CC1=CC=C(C2=CC(N(C)C)=C(C(=O)CC3=CC=CC4=CC=CC=C43)S2)C=C1,-2.756435741465968
O=C(CC1=CN=CC=C1)OC1=CC=CC=C1C(=O)NC1=CC=C(C(F)(F)F)C=C1,-4.118646547416217
CN(C)C1=CC=C(C2=CC=CC(C(=O)CC3=CNC4=CC=CC=C34)=C2)C(C2=NCCN2)=C1,-4.473885644883666
NCCCN1CCN(CC(=O)C2=CC=CC=C2C2=CC=C([N+](=O)[O-])C=C2)CC1,-4.0511295980153275
CC(C)(C)C1=CC=C([N+](=O)[O-])C(C(=O)NC2=CC=C(S(C)(=O)=O)C=C2)=C1,-4.067362205130829
CC(C)(C)C1=CC=C(C2=NN(C3=CC=CC=C3C3=NC=CC(C(C)(C)C)=N3)N=N2)C=C1,-2.9248314240821918
CC(=O)C1=CC=C([N+](=O)[O-])C(N(C(=O)C2=CC=C3CCCCC3=C2)C2CCCCC2)=C1,-1.0750408187224205
CC(C)C1=C(NC(=O)C2=CC=CC=C2[N+](=O)[O-])N=C(C(F)(F)F)S1,-3.663491133791879
C1=CC=C(CNC(CC2=CC=CC=C2)C2=CN(CNCCC3=CC=C4C=CC=CC4=C3)N=N2)C=C1,-3.5650013790904143
CN(C)C1=CC=C(C=CCC2=CN(C3=CC=C(C(=O)O)C=N3)N=N2)C=C1,-3.3740834509688113
CN(C)C1=NC=C(N2N=NC(OC(=O)C3=CC=CC=C3C3=CC=CC=C3)=N2)S1,-2.813411975626523
O=C(O)CCC1=CC=C([N+](=O)[O-])C(C2=CC=C(C(F)(F)F)C([N+](=O)[O-])=C2)=C1,-3.282389637498567
CN(C(=O)CN1CCC(N2CC3=CC=CC=C3C2)CC1)C1=CC=C(C(=O)NC2=CC=CC=C2)C=C1,-4.458333796267368
O=C(NCCC1=CC=CC2=CC=CC=C21)C1=CC=CC(C(=O)NC2=CC=CC(C(F)(F)F)=C2)=C1,-0.7753459484943718
CCOC1=CC=C(NC(=O)CN2N=NC(C3=CC=CN=C3)=C2CNC=O)C=C1,-3.2671971394318344
CC(=O)C1=CC=C(C2=CC=CC=C2C2=CC=CC=C2C2=NN=NN2C(=O)O)C=C1,-2.7953829168949405
O=C(NC1COCC(OC(=O)C2=CC=CC(C(F)(F)F)=C2)C1)C1=CC=CC=C1,-2.1247305998222257
CCOC(=O)C1=C(C2=CC=C([N+](=O)[O-])C=C2)ON=C1C(=O)NC1=CC=CC=C1,-5.078887828622758
C=CC(=O)NC1=CC=C(C2=CC=CC=C2C2=CC=C(N3CCN(C4=CC=CC=C4)CC3)C=C2)C=C1,-2.7570482434362047
NC(=O)C1=C(C2=CC=CC=C2C(=O)CN2CCOCC2)C([N+](=O)[O-])=NO1,-3.889808905381103
O=C(NC1CCCCC1)C1=CC(C2=C(C3=CC=C(C4=CCCCC4)C=C3)CCCC2)=NC2=CC=CC=C21,-0.4778755133756186
O=C(NC1=NOC=C1)C1CCN(C2=CC=CC=C2C2=CC=CC=C2[N+](=O)[O-])CC1,-4.556391527291367
O=C(O)CC1CCCC(NC(=O)C2=C(C3=CC=CC=C3)OC(C3=CC=CC=C3)=N2)O1,-3.8356180394886725
O=C(O)C1=CSC(N2CCN(CC(=O)C3=CC=CC=C3C3=CC=CC=C3)CC2)=N1,-3.800047956207626
CCON1N=NC(C2=CC=CC=C2C2=CC=CC=C2)=C1C(=O)NC1CCCCC1,-2.9762652280905693
O=C(NC1CCCCC1)C1=C2NCC([N+](=O)[O-])=C(C3=CC=CC=C3C3=CC=CC=C3)C2=CC=C1,-3.5816479419786558
O=C(O)C1=CC=C(C2=CC=C3OC(N(C(=O)C4=CC=CC=C4)C4=CC=CC=C4)=NC3=C2)C=C1,-2.4457063250293656
O=C(NC1CCCCC1)C1=CC=C(C2=NOC(C3=CC=CC=C3)=C2[N+](=O)[O-])C=C1,-3.3598166318875795
O=[N+]([O-])C1=CC=C(C2=CC=CC=C2C2=C(C3=CC=CC=C3)OC(C3=NNN=N3)=N2)C=C1,-3.734350846321713
O=C(NC1=CC=C(C(F)(F)F)C=C1)C1=CC=CC=C1C1=CC=C([N+](=O)[O-])C=C1,-2.8284006075015884
CCOC1=CC=CC=C1C1=CC=CC=C1C1=C(C2=CN(C(=O)O)N=N2)CCCC1,-1.2178465765537854
CN(C)C(=O)C1CCN(C2=NC(C3=CC=CC=C3C3=CC=CC=C3[N+](=O)[O-])=NC=C2)CC1,-4.473248048601309
ClC1=CC=CC=C1.[NH3+]C1=NC(=O)C(C2=C(Cl)C=C3C=CC=CC3=C2)N1,-2.884128449822774
CC(C)N1C=NC2=C(C3=CC=C(F)C=C3)N=CN=C21.FC1=CC=C(F)C=C1,-4.606749387573267
FC1=CC=CC=C1.O=C(NC1(F)CCCCC1)C1=C(CCO)C2=CC=CC=C2S1,-2.4094327979909576
FC1=CC=C(C2=CC=CC=C2F)C=C1.O=C(CN1C=CN=N1)NCC1CCCCC1,-3.818868288788992
C1CC(C2=NN=NN2)C1.O=C(O)C1=CC=CC=C1C1=CC=CC=C1C1=CC=C(F)C=C1,-3.9796264673227233
CCC.O=C(O)C1=NC2=C(C3=CC=C4C=CC=CC4=C3)N=C(C3=CC=C(F)C=C3)N=C2N1C1CCCCC1,-2.560367657479255
CC(=O)NCC1=CC=CC=N1.ClC1=CC=C(C2=CC(Cl)=CC(Cl)=C2)C=C1,-3.3709514800616787
C1=CC=C(C2=CC=CC=C2C2=CC=CC=C2C2=NN=NN2)C=C1.ClC1CC(C2=CC=CN=C2)C1,-3.810160763237682
C1=CC=C(C2=NNN=N2)C(C2=CC=C(N3CCNCC3)C=C2)=C1.O=S(=O)(C1=CC=CC=C1)C1=NNN=N1,-3.0355176167377005
CC(=O)C1=CC=CC=C1C1=CC=CC=C1C1=CC=C(C(N)=O)C=C1.O=C(O)CC1=CC=CC=C1,-3.228944173053363
CCOC(=O)C1=NN=NN1.O=[N+]([O-])C1=CC=C(C2=CC(Cl)=CC=C2Cl)C=C1,-1.5977498194433446
CC1CC(NC(=O)C2=CC=CC=C2)CC(CC(=O)C2=CN=CS2)O1.COC(C)=O,-2.1232892327226494
OC1=CC=C(C2=NN=NN2)C(C2=CC(O)=C(O)C=C2Cl)=C1,-3.130115946270018
COC1=CC=C(C2(O)CCN(C3=CC=C(Cl)C=C3)CC2)C=C1,-4.536943435397995
CNC(C)C1=CC=C(C2=CC=CC=C2C2=CC=CC=C2)C=C1,-5.056584405519069
OC1(Cl)CCN(C2=CC=C(Cl)C=C2C2=CC=C(Cl)C=C2)CC1,-2.747424875869746
NC(=O)NC1=CC=C(Cl)C(C2=CC(Cl)=CC(Cl)=C2Cl)=C1,-0.7778501099008744
O=C(NC1CCNCC1)C1=C(Cl)C=C(Cl)C(Cl)=C1Cl,-0.20510375345245357
COC1=CC=CC=C1C1=NC([N+](=O)[O-])=C(N)N=C1O,-2.971673470858764
ClC1=CC=C(C2=CC=CC=C2C2=CC=CC=C2C2=CC=CC=C2Cl)C=C1Cl,-2.994787540621192
COC1=CC=C(C2=NN=NN2C)C(C2=CC=CC=C2C(C)=O)=C1,-3.4572096647721304
O=C(NC(CC1=CC=C(O)N=C1)C1=CC=CN=C1O)C(=O)C1=CC=CC=N1,-3.835372315984389
CCOC1=CC=C(C2=CC=C(NC(=O)C(C)C)C=C2)C=C1,-1.827343201782279
O=C(O)C1(C2=CC=C(N3CNC=CC3Cl)C=C2)CCC(F)(F)CC1,-5.28637041179784
COC(=O)C1=CC=C2NC(=O)C=C(C3=CC=C(F)C=C3C3=CC=C(F)C=C3)C2=C1,-2.8511483003070577
O=C(NC1=CC=C(Cl)C=C1)C1=CC=C(Cl)C=C1C1=CC=CC=C1Cl,-0.9786905799780361
CC(C)CC(=O)N(C)C1=CC=C(C(=O)NC2=CC=CC=N2)C=C1,-3.732533817369694
OC(C1=CC=C(Cl)C(C2=CC=CC=C2Cl)=C1)C1=NN=NN1,-2.495095243731669
O=C(NC1=CC=CC2=NC=C(Cl)C=C12)C1CCN(C2=CC=C(Cl)C(Cl)=C2)CC1,-3.9528843622911647
CN(C)C(=O)C1(Cl)CCN(C2=CC=C(Cl)C=C2C2=CC=CC(Cl)=C2)CC1,-2.7245685748814195
O=C(NC1=CC=C(Cl)C=C1)C1=CC(C2=CC=C(Cl)C=C2)=CC=C1Cl,-0.288835543195864
O=C(ON1CCCCC1)C1=CC=C(Cl)C=C1C1=CC(Cl)=CC=C1Cl,-1.1851011843279564
O=C(NC1=CC=C(Cl)C(Cl)=C1)N(C1=CC=C(Cl)C=C1)C1CCNCC1,-5.241318693625192
O=C(C1=CC=C(C(F)(F)F)C=C1)N(C1=CC=CC=C1Cl)C1=CN=CC=C1Cl,-2.501532537054063
CCC1([N+](=O)[O-])CCN(CC(=O)C2=CC=C(C3=CC=CC=C3)C=C2)CC1,-3.822852061026742
CC(C)C1=C(C(N)=O)C(C2=CC=C(F)C=C2)=NN1C1=CC=C(F)C=C1,-3.1205582254240665
O=C(C1=CC=CC=C1C1=CC=C(Cl)C=C1)N(C1=CC=CC=C1)C1=NC2=CC(Cl)=CC=C2O1,-1.773383404315854
CC1CCN(CC(=O)OC2=CC=CC=C2C(=O)NC2=CC=C(Cl)C=C2)CC1,-4.342188085066928
CC1CN(C(=O)CC2=CC=C3C=CC=CC3=C2)C(N2CCN(C)CC2)C2=CC(C(=O)O)=CC=C21,-3.6879739477146067
COC(=O)C1=C(C2=C(Cl)C(Cl)=CC=C2)C=C(C(=O)NC2CCNCC2)N1,-0.1353015152353758
FC(F)(F)C1=CC=C(Cl)C(C2=CC(Cl)=C(Cl)C=C2Cl)=C1,-1.7068167765149669
CCOC(=O)C1CCN(C2=C(Cl)N=C(C3=CC=C(Cl)C(Cl)=C3)O2)CC1,-5.349233871959108
CC(=O)N1C(=O)CC2=CC=C(C3=CC=CC=C3)C=C2C1CN1CCN(C)CC1,-2.801708891848768
CN1CCN(C2=CC=C(Cl)C(C3=NN(C4=CC=C(Cl)C=C4)N=N3)=C2)CC1,-3.4468063659849673
CN1CCN(C2=CC=C(Cl)C(C3=NN(C4=CC=C(Cl)C=C4)N=N3)=C2)CC1,-3.4468063659849673
O=C(NC1CCCOC1)C1=CNC(C2=CC=C(F)C=C2C2=CC=CC(F)=C2)=N1,-3.294405998668834
CN(CC1=CC=C(C2=NC=C(Cl)C(NC3=CC=CC=C3)=N2)C=C1)C(=O)C1=CC=C2OCOC2=C1,-4.521025209824739
O=[N+]([O-])C1=CC=C(Cl)C=C1C1=CC=CC=C1C1=CC=C(C2=NC3=CC=CC=C3O2)C=C1Cl,-2.410843800972868
O=C(NCCC1CCCCC1)N1C=C(C2=CC=CC=C2C2=CC=C(Cl)C=C2Cl)N=N1,-1.725790887041007
CN(C)C(=O)C1CCN(CC2=CC=C(Cl)C(C3=CC=CC(Cl)=C3)=C2)CC1,-3.0849353437103186
CN1CCN(NC(=O)C2=CC=C(C3=CC(Cl)=CC=C3Cl)C=C2)CC1,-1.4563115949717194
ClC1=CC=C(C2=NC3=CC=CC=C3C(N3CCNCC3)N2C2=CC(Cl)=CC=C2Cl)C=C1,-3.247506736860627
CNC(=O)C1=CC=C2N=C(NC(=O)C3=CC=CC=C3C3=CC(Cl)=CC=C3Cl)OC2=C1,-2.211307181164862
O=C(CC1=CC=C2C=CC=CC2=C1)N1CCN(C2=CC=C(Cl)C=C2C2=CC=CC=C2Cl)CC1,-1.384358648734356
COC(=O)C1=C(NC(=O)NC2=CC=C(C3=CC=CC=C3)C=C2)N=C(C2=CC=C(Cl)C=C2)S1,-4.48193630172091
CC1(C(=O)NC2=CC=CC=N2)CCN(CC(=O)C2=CC=CC=C2C2=CC=CC=C2)CC1,-4.709246603543123
CCOC1=CC=C(F)C=C1C(=O)NC1CCC(CC(=O)N2CCC3=CC=CC=C3C2)OC1,-1.8363066642229053
CC(C)(C)N1C=C(CN(C(=O)CC2=CC=C([N+](=O)[O-])C=C2)C2=CC=CC=C2Cl)N=N1,-3.795274817287814
O=C(CC1=NC2=CC(Cl)=CC=C2O1)OC1=CC=CC=C1C(=O)NC1=CC=CC=C1C(=O)O,-3.0578834744899446
CC(=O)NC1=CC=C(C2=CC=CC=C2N(C(=O)C2=CC=C(Cl)C=C2)C2=CC=CC=C2)C=C1,-2.887069703957791
CN(C)C(=O)C1=C(S(=O)(=O)C2=CC=C(NC(=O)NC3=CC=C(F)C=C3)C=C2)C=CS1,-3.764902870196652
FC(F)(F)C1=C(C2=CC=C(Cl)C(Cl)=C2)C(Cl)=CC=C1Cl,-1.9569792387640073
FC1=CC=C(Cl)C(C2=CC(Cl)=CC=C2C2=NN(C3=CC=C4OCOC4=C3)N=N2)=C1,-3.5062168487984575
NC(=O)C1=C(C2=CC=CC=C2C2=CC=CC=C2Cl)N=C(NO)S1,-3.100980044616662
CN(CC1=CC=CN=C1)C(=O)N1N=NN=C1C1=CC=CC=C1C1=CC=CC(Cl)=C1Cl,-4.924860948372222
CCOC1=CC=C(C2=CC=CC=C2C2=NN(CC(=O)OC)N=N2)C=C1[N+](=O)[O-],-4.026821038995964
CC(C)C1=CN=C(N(C(=O)NC2=CC=C(O)C=C2)C2=CC=C(C(=O)O)C=C2)S1,-1.8765324952316644
CC(CN1CCN(CC2=CC=CO2)CC1)C1=C2N=CN(C3CCCCC3)C2=NC(C(=O)O)=N1,-4.578034267345547
O=[SH](=O)N1C=C(C2=CC=C(C3=CC(Cl)=CC=C3Cl)C=C2Cl)N=N1,-0.4946719394958434
CC(=O)C1=C(C2=CC=CC=C2C2=CC=CC=C2)C2=CC(Cl)=C(C(=O)O)C(Cl)=C2N1,-1.863025381355568
CC(C)N1CCN(C2=CC=C(Cl)C(C3=CC=C(Cl)C(C(F)(F)F)=C3)=C2)CC1,-2.2424726104052737
O=C(CC1=CC=CC=N1)OC1CCN(C2=CC=CC=C2C2=CC(Cl)=CC=C2Cl)CC1,-3.987061610872276
CN(CC1CCNCC1)C(=O)C1=C(Cl)C=CC=C1C1=CC=CC=C1C1=CC=CC(C(F)(F)F)=C1,-3.5918673496466
CC1OC(CC(=O)N2CCC3=CC=CC=C3C2C(=O)O)CCC1NC(=O)C1=CC=CC=C1,-2.614235107877076
O=C(CN1CCN([NH2+]C2=NC([N+](=O)[O-])=CN=C2)CC1)C1=CC=CC=C1C1=CC=CC=C1,-4.4600117023529915
CC(CC1=CSC(N2CCOCC2)=N1)C1=C(Cl)C(Cl)=CC=C1Cl,-3.267388859976435
O=[N+]([O-])C1=CC(C2=CC(Cl)=CC=C2Cl)=CC=C1N1CCN(C2=NC=C3C=CC=CC3=N2)CC1,-2.49381573494527
O=C(NC1=NOC=C1[N+](=O)[O-])C1=CC=CC=C1C1=CC(Cl)=CC=C1Cl,-2.382680554857302
CN(C)C1=C2N=CN(CC3=CC=C(Cl)C(C4=CC=CC=C4)=C3)C2=NC(C2=CC=CC3=CC=CC=C32)=N1,-5.2196633060377025
O=C(CCC1=CNN=N1)C1=CC=CC=C1C1=CC(NC(=O)C2=CC=CC3=CC=CC=C32)=CC=C1,-3.223801043595647
O=C(CC1=CC=CN=C1)N1C=C(CC2=CC=C(C3CCC3)C=C2C2=CC=CC=C2)N=N1,-3.8203562811204876
O=C(C1=CC=C(C(F)(F)F)C=C1)N(C1=CC=CC(C(F)(F)F)=C1)C1=CC=CC=C1[N+](=O)[O-],-1.8908039316663268
O=C(O)C1=C(N2CCOCC2)ON=C1C(=O)NC1=CC=C(C2(C3=CC=CC=C3)CCCCC2)C=C1,-3.7680585301344265
O=C(CC1=CC=CC2=CC=CC=C21)C1=CC=CC=C1NC(=O)C1=CC=C(NC(=O)N2CCCCC2)C=C1,-3.6270082198131375
O=C(CC1=CN(C(=O)CC2=CC=CC3=CC=CC=C32)N=N1)C1=CC(C2=CC=C([N+](=O)[O-])C=C2)=CC=C1,-4.217748603333421
O=C(CN1CCN(C2=CC(C3=CC=C4C=CC=CC4=C3)NCN2)CC1)C1=CC=CC=C1C1=CC=C([N+](=O)[O-])C=C1,-3.576423306195172
CN(C)C(=O)C1C(C2=CC=C(C(=O)O)C=C2)C(C2CCCC2)N1S(=O)(=O)C1=CC=CC=C1,-2.9967935799321035
O=C(O)C1=CC=C(C(=O)NCCC2CC(NC(=O)C3=CC=C4C=CC=C(C5=CC=CC=N5)C4=C3)CCO2)C=C1,-2.3190133740674392
CC(C)C1=C(C2=NN=NN2)N=C(C2=CC=C(OC(=O)C3=CC=CC=C3[N+](=O)[O-])C=C2)S1,-3.9674804187474173
CN(CC1=CC=CC=N1)C(=O)C1(C2=CC=CC=C2)CCN(C2=CC=CC=C2)CC1NC(=O)C1=CC=CN=C1,-3.755841815976189
O=C(CC1=NC2=CC=CC=C2O1)C1=CC=C(NC(=O)C2=CC=CC=C2C2=CC=C(N3CCNCC3)C=C2)C=C1,-3.1564025393479653
CN(CC1=CN(C(=O)NC2CCN(C3=CC=C4C=CC=CC4=C3)CC2)N=N1)C1=CC=CC=C1C1=CC=CC=C1,-5.127554332267737
O=C(NC1=CC=C(NC(=O)C2=CC=C(S(=O)(=O)C3=CC=CC=C3)C=C2)C=C1)C1=CC=CC=C1,-0.33765421874954193
O=C(O)CC1CCN(CC(=O)C2=CC=C(C3=CC=CC=C3C3=CC=CC([N+](=O)[O-])=C3)C=C2)CC1,-3.7916955653614455
ClC1=CC=C(C2=CC=CC=C2Cl)C=C1.O=C(CN1CCCCC1)NCC1=CC=C(Cl)C=C1,-4.5765900394943895
CCCN1C=C(Cl)C2=CC(Cl)=C(Cl)C=C21.O=C(O)C1=CC=CC=C1C1=CC=CC=C1,-3.509162318777911
O=C1C[NH+](C2=CC=C3C=CC=CC3=C2)C2=CC=C(C(C3=CC=CC=C3F)=C2)N2CCN1CC2,-2.2545065375940254
CC(C)C1=C2N=CN(C3=CC4=CC=CC=C4O3)C2=NC(C2=CC=C(F)C=C2)=N1.FC1=CC=C(F)C=C1,-4.826798800749291
O=C(CC1CCNCC1)NCN1CC2=CC=CC=C2C1.O=C(NC1=CC=C(Cl)C=C1)C1=CC=CC(Cl)=C1,-4.126285657534686
ClC1=CC=C(C2=CC=CC=C2C2=CC=CC=C2C2=CC=C(C3=CC=CC=C3)C=C2)C=C1.NC(=O)CN1CCOCC1,-3.602121889351513
CN(C)C1=CC=CC=C1C1=CC2=CC=C1C1=CN(C[NH+]2C2=CC=CC3=CC=CC=C32)N=N1,-4.308921860393038
FC1=CC=C(F)C=C1.O=C(CC1=CC=CC=N1)NC(CC1=CC=C(F)C=C1)C1=CC=NC=C1,-3.2943546055176114
C1=CC=CC=C1.CC(C)C1=CC=C(N2N=C(Cl)C(Cl)=C(C3=CC=CC=C3)C2Cl)C=C1,-2.921542864667427
CC(=O)NCC1CCCCC1.O=C(NC1=CC=C(Cl)C=C1)C1=CC=CC=C1C1=CC=C(Cl)C=C1,-2.0033610558562893
CC(NC(=O)CC1CCC(C(=O)O)CO1)C1=CC=CC=C1.O=C(C1=CC=CC=C1)N(C1=CC=CC=C1)C1=CC=CC=C1,-2.6221516607103483
CN(C)C(=O)C1=CN(C(CC2CCCCO2)C2=CC=CC=C2C2=CC=CC=C2)N=N1.N[SH](=O)=O,-3.6895073105624165
[O-][NH+]1C2=CC=C(C=C2)C2=CC3=CC=C2[NH2+][N+]31[O-],-3.8849121016911607
CC(C)NC(=O)C=CC1=CC=C(Cl)C(N2CCN(C)CC2)=C1,-4.483669214538701
CC(CO)C1=CC=C(C2=CC=C(C3=NN=NN3C(=O)N(C)C)C=C2)C=C1,-4.187839796866754
CC(C)CC(=O)N(C)C1=CC=C(C(=O)NC2=CC=C(Cl)C=C2)C=C1,-2.9285847301574277
OC1=CC=C(C2(C3=CC=C(C4=NN=NN4O)C=C3)CCC(O)(Cl)CC2)C=C1,-2.6897563398264115
CC(C)C1=CC=C(C2=CC=CC=C2C2=NN=NN2C(=O)N(C)C)C=C1Cl,-4.082356960018052
O=C(CC1=CC=C(F)C=C1)N(CC1CCCCC1)C1=C(Cl)C(Cl)=CC2=C(Cl)C=CC=C21,-2.5082598202473214
O=C1NCC=C(N2CCN(C3=CC=C(Cl)C=C3C3=C(Cl)C=CC=C3Cl)CC2)N1,-3.0761306529824783
CN1CCN(N2N=NC(C3=CC=C(F)C=C3C3=CC(Cl)=CC=C3Cl)=N2)CC1,-3.4431148922947963
O=C(NC1CCCC1)N1C=C(C2=CC=C(F)C=C2C2=CC=CC(F)=C2F)N=N1,-2.961422745489293
O=C(N(C1=CC=CC=C1)C1=C(Cl)C=C(Cl)C2=CC=C(Cl)C=C21)C1(C2=CC=CC=C2)CCCCC1,-1.4860202742992248
CCON1C=C(C2=C(C3=CC=C(F)C(F)=C3C3=CC=C(F)C=C3)N=CO2)N=N1,-3.125745922380109
O=C(CC(O)CN1C=CN=N1)C1=CC=CC=C1C1=CC=C(Cl)C=C1,-3.280890804424235
O=[N+]([O-])C1=CC=C(O)C=C1C1=CC(O)=CC=C1CC1=CC=C(Cl)C=C1,-1.7325279570159922
CC(C)(C)N1N=NC(C2=CC=C(Cl)C=C2C2=CC=C(F)C(F)=C2Cl)=N1,-4.608871964869665
COC1=CC=C(C2=CN(C(=O)NC3CCCOC3)N=N2)C(C2=CC=C(Cl)C=C2)=C1,-2.2817201145617036
CC(C1=CC=C(Cl)C(C2=CC=CC(Cl)=C2)=C1)C1=NN=NN1C(=O)N(C)C,-4.36626196207934
CC1C(=O)N(C2=CC=C(C3=CC=CN=C3)C=C2)C(C(C2=CC=CC=C2)C2=CC=NC=C2)C2=CC=CC=C21,-3.6143751408281974
CN(C)C(=O)C1CCN(NC(=O)C2=CC(Cl)=CC=C2C2=CC=CC(Cl)=C2Cl)CC1,-1.4826863820096146
O=C(NC1=CC=C(C2=NNN=N2)C=C1)C1=CC(Cl)=CC=C1C1=CC(Cl)=CC=C1Cl,-1.0263081162820673
CC(C)(C)C1=CC=CC=C1NC(=O)COC1=CC=CC(Cl)=C1C1=CC(Cl)=CC=C1Cl,-3.2918774957795747
CCNC(=O)C1=C(N2CCNCC2)N=C(C2=CC=C(C3=CC=C(F)C=C3OCC)C(F)=C2)O1,-3.1137699128637313
O=C(CN1CCN(C(=O)NC2=NC3=CC=CC=C3O2)CC1)C1=CC=C(F)C=C1C1=CC=CC=C1F,-2.754298308336794
CN(C(=O)N1CCN(N(C(=O)C2=CC=C(Cl)C=C2)C2=CC=C(Cl)C=C2)CC1)C1CCCCC1,-2.164503076988216
CC(C)N1C=C([NH2+]OC(=O)C2=CC=CC=C2C2=CC(F)=CC=C2F)C2=CC=CC=C21,-2.547659897821444
O=C(NC1=CC=C(Cl)C=C1)C1=C(Cl)C(Cl)=C(Cl)C(Cl)=C1,-1.7755792570036446
CN1CCN(CC(=O)C2=CC=C(C3=NNN=N3)C=C2C2=CC(Cl)=CC=C2C2=NNN=N2)CC1,-1.7612060380390218
O=C(CC1=NOC=C1[N+](=O)[O-])NCN1CCN(C2=CC=CC=C2C2=CC(F)=CC=C2Cl)CC1,-1.824078080455035
CCCC1=C(C(C(=O)NC2=NC3=CC=C(Cl)C=C3C=C2)N2CCOCC2)SC=C1C(=O)NC1CCCCC1,-2.0468615942195227
CNC(=O)CC(=O)C1=CC=CC=C1C1=CC(C2=CC=C(C3=CC=C([N+](=O)[O-])C=C3)N2)=CC=C1Cl,-3.725333958090583
ClC1=CC=C(N2CCC(C3=CC=C(Cl)C=C3)(C3=CC=C(CN4CC5=CC=CC=C5C4)C=C3)CC2)C=C1,-1.008580942125294
FC(F)(F)C1=C(C2=CC(Cl)=CC=C2Cl)C(Cl)=CC(CN2CCCCC2)=C1,-3.1409426362912773
O=C(O)C1=C(N2N=NN=C2C2=CC=CC=C2C2=CC(Cl)=CC=C2Cl)C=NC=C1Cl,-1.9617395293960136
O=C(NC1=CC=C(Cl)C=C1C1=CC=CC=C1Cl)C1=CC=C(C(F)(F)F)C=C1[N+](=O)[O-],-1.7320792205266538
CN1CCN(CC(=O)C2=CC=CC=C2C2=CC=C([N+](=O)[O-])C=C2C(=O)NC2=NOC=C2)CC1,-3.3520396034296973
CCOC1=CC=C(Cl)C(NC(=O)C2=CC=C(NC(=O)C3=CC=CC(C(F)(F)F)=C3)C=C2)=C1,-2.073082640954212
CC1=CC=C(C(C)CC2=C3N=CN(C(C)C)C3=NC=N2)C(C2=CC=CC=C2)=C1,-3.043968778796387
CC1CN(C2=CC=C(C(=O)O)C=C2C2=CC(CN3CC4=CC=CC=C4C3)=CC=C2Cl)CCO1,-1.4510447003666247
COC(=O)CC(C[N+](=O)[O-])C1=CC=C(C2=CC=CC=C2OC(C)=O)C=C1,-4.081505359441931
O=C(O)C1NC(N2CC3=CC=CC=C3C2)SC1CC1=CC=C(C2=CC(Cl)=CC=C2Cl)C=C1,-0.8866434385931351
CCNC(=O)C1=NOC(C(=O)NC2=CC=C(C3=CC(Cl)=CC(C(F)(F)F)=C3)C(Cl)=C2)=C1,-5.20421163391539
O=C(CC1=CC=CN=C1)C1=CC=C(O)C=C1C1=CC=C(N2CCN(C3=NC=CC=N3)CC2)C=C1C1=NN=NN1,-3.3783735745689287
O=C(NC1=CC=CC=N1)C1=CC=C(C2=CC=C(C(F)(F)F)C=C2)C(C2=CC=C(Cl)C([N+](=O)[O-])=C2)=C1,-0.8038584070574062
O=C(CN1CCCCC1)C1=CC=C(C(=O)NC2=NOC=C2[N+](=O)[O-])C(C2=CC=CC=C2Cl)=C1,-3.6548948262318874
CCOC(=O)C1(C(=O)CC2=CC=CC=C2)CCN(OC(=O)C2=CC=CC=C2C2=CC=C([N+](=O)[O-])C=C2)CC1,-4.156647366146501
NS(=O)(=O)C1=CC=C(C2=CC=CC(C(F)(F)F)=C2)C(C2=CC=C(C3=CN(C4=NC(C5=CC=CC=C5)=CC=N4)N=N3)C=C2)=C1,-2.9955955774714718
O=C(NC1=CN(C(=O)CC2CCC(NC(=O)C3=NC=CN=C3)CO2)N=N1)NC1=CC=CC=C1C1=CC=CC=C1,-4.030717884536529
O=C(O)CC1CCN(NC(=O)C2=CC=C(C3=CC=CC=C3C3=CC=C(C(=O)CC4=CC=CC=C4)C=C3)C=C2)CC1,-2.758599473434244
CC(=O)C1=CC=C(C2=C(C(=O)NC3=CC=C(C(=O)NC4CCOCC4)C=C3)C(C3=CC=CN=C3)=CN=C2)C=C1,-2.0475005455947346
CC1=C(CC=CC2=CC=C(F)C=C2C2=CC=C(F)C=C2)N=NN1C1=CC=CC=N1.CNC(C)=O,-4.243847892465702
COC(=O)CC1CC(NC(=O)C2=CC=C(C(C)C)C=C2)CCO1,-1.9191873050878132
O=C(CN1C(=O)C2=CC=C(C(=O)O)C=C2C1=O)NC1C(=O)C2=CC=CC=C2C1=NO,-3.282837320026796
CCCCC1=CC=C(OC(C)=O)C(C2=CC(Cl)=CC=C2Cl)=C1,-1.5181649400607797
O=C(NC1=CC=C(C2=CC=C(F)C(F)=C2C2=NNN=N2)C=C1F)C1=CC=C(F)C=C1,-1.7851622729162133
CCNC(=O)C1=NOC(C2=CC=C(C3=CC=CC=C3)C=C2)=C1N1CCN(C(=O)CC)CC1,-4.86581503572522
COC1=CC=C(C2=CC=C(OC(C)=O)C(C(=O)NN3CCC(C)(C)CC3)=C2)C=C1,-1.2549035229222825
CC1CC(C)(C(=O)N(C)CC2=CC=CC=C2)C(C)(C)CN1S(=O)(=O)C1=CC=CC=C1,-3.980967708116939
O=C(CN1CCCCC1)NC(CC1=CC=C(F)C=C1)N1C=C(C2=CC=C(F)C=C2C2=CC=C(F)C=C2)N=N1,-4.01655204496727
O=C(O)C1=C(C2=CC=CC=C2C2=CC=CC=C2N2CCOCC2)C=C2C(=C1)C(O)=C(O)C(Cl)=C2N1CCOCC1,-3.071669687305445
O=S(=O)(C1=C(F)C=CC=C1F)C1=C(F)C=CC=C1C1=CC=C(N2CC(C3=CC=CC=C3)C2)C=C1,-4.206172296020498
O=C(NC1=NOC(C2=CC=CC=C2C2=CC=CC=C2Cl)=C1[N+](=O)[O-])C1=CC(Cl)=CC=C1Cl,-2.6697952198160486
O=C(NC1=CC=CC(Cl)=C1[N+](=O)[O-])C1=CC=CC=C1C(=O)N(C1=CC=CC(Cl)=C1)N1CCCCC1,-4.076956664049725
O=C(NC1=CC=C(Cl)C=C1)C1CCN(N(C(=O)C2=CC=CC=C2C2=CC=CC=C2)C2=CC=C(Cl)C=C2)CC1,-3.063646333079788
CC(C1=CC=C(NC(=O)NC2=CC=CC(Cl)=C2)C=C1)[NH+](C)C1CCCC2=CC=CC=C21,-4.707406889332946
CC1=C(C2=CC=CC(Cl)=C2)C(NC(=O)N2CCN(C3=CC=C(Cl)C=C3Cl)CC2)=NO1,-1.72353365366577
CC(C)(O)CC(=O)C1=CC=C(Cl)C=C1C1=CC=CC=C1C1=NNN=N1,-2.786433783306535
CC(CC(=O)O)CC(=O)OC1=CC=CC=C1C1=CC(Cl)=CC=C1Cl,-1.8759259155190882
CC1=C(C2=CC=CC=C2C2=CC=CC=C2Cl)N=C(N2C(C)C(C3=CC=CC=C3)C2C)S1,-2.8616355144739516
CC(=O)OC1=CC=CC=C1NC(=O)C1=CC=C(C2=NN=NN2)C=C1C1=CC=C(C(C)C)C=C1,-3.3628695055229088
O=C(O)C1=CC=CC=C1C(=O)NC1=CC=CC=C1C1=NN=NN1CCOC1=CC=CN=C1,-3.5926637427360553
CCOC1=CC=C(C2=CC(O)=CC=C2N2C(=O)C3=CC=CC=C3N=C2C(=O)NCCC2=CC=NC=C2)C=C1O,-4.023779809121459
CCOC(=O)N1CCC(C)(NS(=O)(=O)C2=CC=C(C3=CC=C(C#CC4=CC=CC=C4)C=C3)C=C2)CC1,-3.0628690116675443
CN1CCN(C2=CC(C=CC(=O)NN3CCC(C(=O)NC4=NOC=C4)CC3)=CC=C2C2=CC=C(Cl)C=C2)CC1,-3.7329907346047833
CCON1N=NC(N(C(=O)NC2=CC=CC=C2C2=CC=C([N+](=O)[O-])C=C2)C2=CC=CC=C2)=C1[NH2+]C1=CC=C2C=CC=CC2=C1,-1.9859247749656168
O=C(NC1CC(C2=CN(CF)N=N2)OC1C1=CC(F)=CC=C1F)C1=CC=C2OCOC2=C1,-3.0821807912574775
CCOC1=CC(NC(=O)CCN2CCOCC2)=CC=C1C(=O)NC(C1=CN(OCC)N=N1)C1=CC=CC=C1F,-4.334723229851825
CC(=O)NCC1CCC(NC(=O)C2=C(Cl)C=C(C3=CC(Cl)=CC=C3Cl)C=C2Cl)CO1,-1.824858312807485
CC(CN1CCOCC1)C1=C(C2(C(=O)N(C3=CC=CC=C3)C3=CC=C(C(=O)OC4=CC=CC5=CC=CC=C54)C=C3)CCCCC2)C=CC=C1,-1.160127299811343
O=C(CC1=CN(C(=O)N(C2=CC=CC3=CC=CC=C32)C2CCCC(CC(=O)N3CCOCC3)O2)N=N1)C1=CC=CC=C1C1=CC=CC=C1,-3.1451201366185977
FC1=CC=C(C2=CC(Cl)=CC=C2C2=NNN=N2)C=C1.FC1=CC=C(N2CCN(C3(Cl)CCC3)CC2)C=C1,-3.1408870272956184
C1=CC=C2N=CC=CC2=C1.CC(C)C1=CC=C(NC(=O)C2=CC=CC=C2C2=CC=C(C(=O)NC3=CC=CN=C3)C=C2)C=C1,-3.984497574437054
N=C(N)C1=CC=CC=C1.OC1=CC=C(N2CCC(O)(C3=CC=C(Cl)C=C3)CC2)C(O)=C1O,-4.3506336259997
O=C(O)CCCCC1=CC=C(C2=NC3=CC=C([N+](=O)[O-])C=C3O2)C=C1,-3.857497469094773
CCCCCCCN1CC(C(=O)N(C)C)CC(C2=CC=CC=C2)C1,-3.6425155009311094
CCCCCC1([N+](=O)[O-])CCN(CC(=O)C2=CC=CC=C2C2=CC=CC=C2)CC1,-3.1486618474540338
CCCC(O)C1=CC=CC=C1C1(C2=CC=C(NC(=O)C3=NN=NN3)C=C2)CCCCC1,-3.9002862825776456
CCCCC1=CC=C(Cl)C(C2=CC=CC=C2C2=CC([N+](=O)[O-])=CC=C2C(=O)O)=C1,-2.405689931149564
CN(C)CCC1CC(OC(=O)C2=CC=CC=C2)C(NC(=O)C2CCC2)CO1,-3.2367205992477546
CC(C)CN1CCN(C2=CC=C(Cl)C(C3=CC=C([N+](=O)[O-])C(C(F)(F)F)=C3)=C2)CC1,-4.682189715460325
CC(C)C1=CN=C(C2(C(=O)N(C)C)CCN(CC3=CC=CC=C3C3=CC=C(Cl)C=C3)CC2)O1,-2.0840799221092667
O=C(O)C1=CC=C(C2=CC=CC=C2N(C(=O)CCN2CCC(C(=O)CCl)CC2)C2=CC=CC=C2)C=C1,-4.1556054503072595
O=C(NC1=CC=C2OCOC2=C1)C1=CN(C2=NC(N3CCN(C4=CC=C(F)C=C4C4=CC=C(F)C=C4)CC3)=NC=C2F)N=N1,-4.413766900204887
CN(C)C1=CC=C(C2=CC=CC=C2C2=CC=C(C(CC3=CC=C(C4=CC=CC5=CC=CC=C54)C=C3)CN3C=NC4=CN=CN=C43)C=C2)C=C1,-3.922526668769287
ClC1=NN(C2=C(Cl)C(Cl)=C(Cl)C(Cl)=C2Cl)C(Cl)=N1.ClCl,-4.278190161243318
CC(C)C(C1=CC=C(C2=CN(C)N=C2C(=O)N(C)C)C=C1)C(C)C,-3.3332034112430717
CC(=O)CCC1(C(=O)NC2=CC=C(Cl)C=C2)CCN(C2=CC=C(Cl)C=C2)CC1,-3.113087347574054
CCCN(CCC)C(=O)CC1=CC=C(NC(=O)C2=CC=CN=C2)C=C1,-4.562223244673669
CCCCCCC1CCN(NC(=O)C2=CC=C(Cl)C=C2C2=CC=CC=C2)CC1,-1.9986046799369739
FC1=CC=C(C2=CC=C(F)C=C2C2=CC=C(C(F)(F)C3=NNN=N3)C=C2F)C(F)=C1,-4.5858974194826265
COC1=CC=C(C2=CC(O)=CC=C2N2CCC(O)([N+](=O)[O-])CC2)C(Cl)=C1OC,-3.613916818311629
CCC(=O)NN=CC1=CC=C(C2CCC2)C=C1C1=CC=CC=C1C(=O)O,-3.1861804538826117
CCC(C1=CC=C(NC(=O)C2(C3=CC=CN=C3)CCN(C3=CC=CC=C3)CC2)C=C1)C(C)C,-4.059065222525811
CCCCCCC1CCN(NC(=O)C2=CC=CC=C2C2=CC=CC=C2OC(C)=O)CC1,-3.163965362757587
CCCCCCC1CCN(CC(=O)C2=CC=CC=C2C2=CC=CC([N+](=O)[O-])=C2)CC1,-4.244676205520175
CCC1=CN(CCCC(=O)C2=CC=C(OC)C=C2C2=CC=C(Cl)C=C2)N=N1,-2.708604376528358
CCCCCC1=CC=CC2=CC=C(N3CCN(CC(=O)NC4=CC=C(C(=O)NC5=CC=CC=C5)C=C4)CC3)C=C21,-1.9107075857019336
COC1=CC(C2=CN=C(NC3CCC(O)CC3)N=C2NO)=CC=C1N(C)C(=O)CN1CCNCC1,-3.3548395263988517
CCC(O)C1=CC=C(C2=C(C3=CC=CC=N3)C(=O)N(C3=CC=CC=C3)C=C2C(=O)NC2=CC=CC3=CC=CC=C32)C=C1,-1.5201427482705554
CCCC1OC(C)CCC1NC(=O)C1=NN(CC2=CN(C)C3=CC=CC=C23)C=C1C(=O)O,-3.662444801353703
CC1(C)NC(C(=O)C2=CC=CC(Br)=C2)C(C)(C)N1C1=CC=C([N+](=O)[O-])C=C1,-3.0767234810120128
O=C(O)CCN1C(C2=CC=CC=C2)=C(Cl)C(Cl)N(C2=CC=C(Cl)C=C2C2=CC(Cl)=CC=C2Cl)C1Cl,-3.983239245250085
O=C(N1CCC(C2=CC=CC=N2)CC1)N(C1=CC(F)=CC(C2=CC(F)=CC=C2F)=C1)C1CCC(F)(F)CC1,-2.8199096960525027
CC(=O)C1=CC(C2=CC=CC=C2C2C(CO)NC2CO)=CC=C1,-3.257843786663792
C1CCCC1.CCCCC(O)(CCC)C1=CC=CC=C1C1=CC=CC=C1,-2.1714124445102208
O=C(CC1CCN1CC1CCOCC1)C1=CC=CC=C1NC(=O)C1=CC=C(Cl)C=C1,-3.0513669835184984
FC(F)F.O=C(O)CC1=CC=C(NC(=O)C2=CC=CC=C2C2=CC=CC=C2C2=CC=C(C(=O)C(C3=CC=CC=C3)C3=CC=C(CC4=CC=NC=C4)C=C3)C=C2)C=C1,-3.4617718107156334
CC(C)N1C=NC2=C3N=C(N=C21)[N+]([O-])([O-])[N+]3([O-])[O-].[O-][NH2+]C1=CC=C([O-])C=C1,-1.9894744156036828
O=C(O)C1=C(O)C(O)=C(O)C2=C(Cl)C(C(=O)NC3CCCCC3)=C(Cl)C(O)=C12,-2.644707231462223
O=C(O)CCCCCCC1CC(C(=O)OC2=CC=CC=C2)CCO1,-3.9913559503168297
CC(C)C(C(=O)O)N1N=NC(C2=CC=C(N(C)C)C=C2C2=CC=CC=C2F)=N1,-3.3243527477354267
CCCCC(CC)CC(=O)NC1=CC=C(C(=O)NC2=CC(C)=NO2)C=C1,-3.4618454876160194
CCCCC(CCC)C1=CC=C(C2=CC=C(NC(=O)C3=NC4=CC=CC=C4O3)C=C2)C=C1,-1.380899197054051
COCC1CN(S(=O)(=O)C2=CC=C(C3=CC=C(C4=CC=C(Cl)C=C4)C=C3C#N)C=C2)CC(C)O1,-1.1983507050901363
CC(C)C(CC(=O)C1=CC=C(C(=O)NC2=CC=CC=N2)C(C2=CC=CC=C2)=C1)C(C)O,-3.195734962656611
CC(C)C(C1=CC=C(C(=O)NC2=CC=CC=C2C(=O)NC2=NC3=CC=CC=C3O2)C=C1)C(C)C,-2.555612285332424
CC(C)C(C1=CC=C(C(=O)NC2=CC=C(C(=O)CN3CCOCC3)C=C2)C=C1)C(C)C,-1.1045702242841375
CCCCCCC(COC(=O)C1CCN(C2=CC=C(C(F)(F)F)C=C2)CC1)C1=CC=CN=C1,-4.730811651606978
CCNC(=O)CC1OC(CN2C=C(C3=CN=CC=N3)N=N2)CCC1NC(=O)C1CCCCC1,-3.6543549973895515
CCCCCCC1=CC=C([N+](=O)[O-])C(C(=O)NC2=CC=C(C3=CC=C(C(F)(F)F)C=C3)C=C2)=C1,0.8007532656859553
CCCCCOC(=O)C1(C)CCN(CC(=O)C2=CC=CC=C2C2=CC=CC=C2C2=CC=CC=C2)CC1,-4.210788244169188
CCCCC1=CC(C2=CC=C(C(=O)NC3=CC=C(C(=O)CN4CCC(C(=O)O)CC4)C=C3)C([N+](=O)[O-])=C2)=CC=C1,-4.759884516348287
C=C1CCCC1C1=CC(C(F)(F)F)=CC(C2=CC=C(N3CCN(C(=O)NCCC)CC3)C([N+](=O)[O-])=C2)=C1,-2.611484169005181
C1=CC=C(C2=CC=CC=C2C2=CC=CC=C2)C=C1.CCCCC(CCCCl)C1CCC1,-3.097538510275211
CC(=O)NCC1=CC=CC=N1.O=C(NC1=CC=C(C(F)(F)F)C(F)=C1)C1=CC(C2(F)CCC(F)(F)C(F)(F)C2)=NC2=CC=CC=C21,-3.356876381525047
CCCCCCCCCCC1=CC=C(C(=O)NC2CCCCC2)C2=CC=CC=C12,-0.8745666503192816
CCCCCCCC(C1=CC=C(N2CCOCC2)C=C1)N1C(=O)C2=CC=CC=C2C1=O,-4.184821854513897
CCCCCCCCC1CC(NC(=O)C2=CC=CC=C2C(C)=O)CC(C)O1,-3.0232665735604822
CCCCCCC1(C)CCN(CC(=O)C2=CC(C3=CC=CC=C3Cl)=CC(Cl)=C2)CC1,-3.473168442753774
O=C(O)CCCCC1(C2=CC=C(Cl)C=C2)CCN(C2=CC=CC=C2C2=CC=CC=C2Cl)CC1,-4.233183412077989
COC1=CC=C(C(O)N2CCC(C3=NC=C(C(C)CO)O3)CC2)C(C2=CC=CC(Cl)=C2)=C1,-3.2569845574167875
CC1=C(NC(=O)C2=CC=C(C(O)CC(C)C)C=C2)C(C2CCCC(CO)O2)=NO1,-3.988345034371366
CCCCCCCC1=C(CC2=CC=C(N(C)C)C=C2C2=CC=CC=C2)N=NN1C(C)(C)C,-2.0047717577064543
CCCCC1CCN(CCCC(=O)N2CCN(C3=CC=C(Cl)C=C3C3=CC=CC(Cl)=C3)CC2)CC1,-3.577056686633093
C1=CC=CC=C1.O=C(C1=CC=C(Cl)C=C1)C1=CC(N2N=CC=CC2N2CCOCC2)=CC=C1,-2.7969847370262144
COC1=CC=C(C2(C3=CN(CNCC4CCC(NC(=O)C5=CC=C6OCOC6=C5)C(C)O4)N=N3)CCCCC2C)C(OC2=CC=CN=C2)=C1,-3.8465268380991904
CCC(CCCCCNC1=C2N=CNC2=NC=N1)C1=CC=CC=C1C1=CC=C(C(F)(F)F)C=C1,-3.5009109074437035
O=C(OC1CCCCNCC1)C1=C(Cl)C(Cl)=CC=C1Cl,-2.8956505534215164
CC1=C(CCC2=C(C(C)(C)C)C=C(C(C)(C)C)C([N+](=O)[O-])=C2)C=CC=C1,-3.6215788144427505
CC1(C)C=C(C(=O)NC2=C(Cl)C=C(C(=O)O)C(Cl)=C2)C=CC1,-0.9083629170537799
CC(=O)C1=CC=C(C#CC2=CC=CC=C2)C=C1NC(=O)C1=CC=C(N2C=NC=N2)C=C1,-3.9745694615442044
C1=CC=C(C2=CC=CC=C2)C=C1.CNC(=O)CC(CC(=O)N(C)C)C1CCC(C)C1CO,-5.069214673941051
CCCN(CC(=O)C1=CC=CC=C1C1=CC=CC=C1)C(C)C(N)=O,-4.661367057526242
CNCC1=CC=C(C2=CC=C(C(C(C)O)C(C(C)C)C(C)O)C=C2)C2=CC=CC=C12,-0.3715079514587962
O=C(O)CCCCCCCN1CCN(C2=CC=C(C3=CC=CC=C3C3=CC=CC=C3)C=N2)CC1,-3.6021560176159966
CCCCN(CC1=CC=C(C2=CC=CC=C2C2=NN(C3=CC=C(Cl)C=C3)N=N2)C=C1)C(C)C,-3.4709723893114863
CCCCCCCCC1CN(CC(=O)C2=CC=CC=C2C2=CC=C(Cl)C=C2)CCC1Cl,-2.6456480674122442
CCCCCCCCCCOC(=O)N1N=NC(C2=CC=CC=C2C2=CC=CC=C2)=N1,-3.220100937462106
O=C(CN1CCC(CCCCCCCCCO)CC1)C1=CC=CC=C1C1=CC=CC=C1,-4.54280345916437
O=C(CN1CCC(CCCCCCCO)CC1)C1=CC(C2=CC=CC=C2Cl)=CC=C1Cl,-3.8017688237556
CCCCCCCCCCC1CCN(CC(=O)C2=CC=CC=C2C2=CC=CC=C2)CC1,-3.9691147611072
CCCCCCCCCC1CCN(CC2=CC=C(CN(C)C3=CC=C4OCOC4=C3)C=C2)CC1,-5.354341869379856
CCCCCCCC1=C(OC(=O)C2=CC=CC=C2C2=CC=C(OCC)C=C2)N=NN1C1=CC=C(N(C)C)C=C1,-1.827659339926373
CCC(C)C(C1=CC=C(NC(=O)C2=CC=C(C(F)(F)F)C=C2)C=C1)C(CC)N1CCN(C)CC1,-4.163555930650518
CCCCCCC(CC)CC(=O)C1=CC=CC=C1C1=CC=C(C(=O)NN2CCCC2)C=C1,-2.876107103142087
CCCC(CCCCCC(=O)C1=CC=CC=C1)C1=CC=C([N+](=O)[O-])C=C1,-2.294996310577668
O=C(CCCCCCCC1CCN(NC(=O)C2=CC=CC=C2C2=CC=CC=C2)CC1)C1=CC=CC=C1,-3.388071823562755
CC(C)C(C1CNC1=O)C(C1=CC=C(C2=CC=CC=C2)C=C1)N(C)C(=O)C1=CC(C(=O)N(C)C)=CN=C1,-5.605385367833135
O=C(NC1CCNCC1)C1=CN=C(C2=CC=C(C3C(CO)CCCC3CO)C=C2)C=N1,-4.071499755313254
OCC1CCC(C2=CC=C(Cl)C(C3=CC=CC=C3C3=NN=NN3)=C2)C(CO)O1,-2.731775661322421
O=C1C2=CC(O)=C(O)C=C2CCN1C1=C(O)C=C2C(=C1)C(O)=C(O)C(O)=C2O.OC1=CC(O)=C(O)C(O)=N1,1.6173137503974893
CCCCCCCCC1CCC(NC(=O)NC2CCC(O)CC2)C(CO)O1.COC(C)=O,-5.023266787693957
CCOC1=C(C)OC(C2=CC=C(CN3CC4C=CC3C(=O)N4)C=C2)=N1,-3.6963558494718405
CCCCCCCCCCC1CCN(C(=O)C2=CC=C(Cl)C=C2)CC1,-1.4541796324025877
O=C(O)CCCCCCC1CCN(C(=O)C2=CC=C(Cl)C=C2C2=CC=CC=C2)CC1,-2.1554812702719097
CCCC(CCCCC(=O)O)C1=CC=C(C2=CC=C(NC(=O)CC3=CC=CC=N3)C=C2)C=C1,0.82192162286381
CC(=O)OC1=CC=CC=C1C1=CC=CC=C1C1=NN=NN1C(CCO)CCCCC(=O)O,-3.5952769640230335
FC1=CC=C(F)C(C2=NC(C3CCOC3)=C3N=CN(C4CC(F)(F)C(F)(F)C(F)(F)C4(F)F)C3=N2)=C1F,-4.280255523508082
O=C(CN1CCC(CCCCCCCCCCO)CC1)C1=CC=CC=C1C1=CC=CC=C1,-4.343388396204276
O=C(CN1CCC(CCCCCCCCCO)CC1)C1=CC=C(Cl)C=C1C1=CC=CC=C1,-3.893327529449388
CCCCCCCC(CCC)C1=CC=CC=C1C1=CC=C([N+](=O)[O-])C(C(F)(F)F)=C1,-1.5101356071152603
CCCCCCCCC(CC)N1N=NC(C2=CC=CC=C2C2=CC=CC([N+](=O)[O-])=C2)=N1,-3.286989926796493
CCCCCCCCCN1CCN(C(=O)CC(=O)C2=CC(C3=CC=CC=C3)=CC=C2)CC1,-3.379848116349128
CCCCCCCCCCN1CCN(C2=CC=C(Cl)C(C3=CC=CC=C3N(C)C)=C2)CC1,-2.8820836648939485
FC1=NC(CC2=C(F)C(F)=C(Cl)C(F)=C2F)=C2N=C(F)N(C3COC(F)(F)C3(F)F)C2=N1,-2.7266472873202314
CCCCCCCCCCN1CCN(C2=CC=CC3=CC=C(N(C(=O)C4CCCCC4)C4CCCCC4)C=C32)CC1,-2.0185722240912396
CC=CC(C=CCCl)=CC1=CC(C(=O)CC2=CC=C(NC(=O)C3=CC=CN=C3)C=C2)=CN1C,-3.628404868848515
CCC(CCCCCCCN(C)C1=NC=C2N=CNC2=N1)C1=CC=CC=C1C1=CC=CC=C1,-4.4941281223215235
O=C(CC1=NC(Cl)=C([N+](=O)[O-])N=C1C1CCCCC1)N1CCN(N2N=NC(C3=CC=CC=C3C3=CC=CC=C3Cl)=N2)CC1,-2.3901416961142115
O=C(NC1=CC=C(F)C=C1)NC1=CC=C(F)C(C2CCCCNC(CO)C2)=C1,-2.778396777775084
CCCC=C(OC(=O)C1=CC=CC=C1C1=CC=CC=C1[N+](=O)[O-])C1=CC=CC=C1,-4.064325592609754
CC1CCC(C2=CC=C(Cl)C(C3=CC(Cl)=CC=C3C3=NN(C(=O)N(C)C)N=N3)=C2)C(CO)O1,-4.838607180260704
CC(CO)C1=CC(N2N=NC(C3=CC=CC=C3C3=CC(N(C)C)=CC=C3Cl)=N2)=CC=C1,-2.7563646743740424
CCOC1=CC=C(Cl)C(C2=C(C3=CN(C)C=CC3=CC(C)C)C3=CC=CC=C3O2)=C1,-2.703065359202629
O=C1NC2CC(C3=CC=CC=C3)C1N(C1=CC=C(Cl)C(C3=CC(Cl)=CC=C3Cl)=C1)C2,-2.0098344347995125
ClC1=CC=C(Cl)C(C2=CC=CC=C2C2=NN(C3=CC=C4CCCCC4=C3)N=N2)=C1,-1.6131628463249916
O=C(CC1CC2CC(O)CC(C2)O1)C1=CC=C(Cl)C(C2=CC=CC=C2[N+](=O)[O-])=C1,-1.6304512464343386
OCC1C(C2=CC=CC=C2C2=CC=CC=C2Cl)C2CNCCCCN12,-3.3203695777611673
CC(=O)OC1(CNC(=O)CC2=CC=C(Cl)C=C2)CCCCC1.ClC1=CC=C(C2=CC=CC=C2)C=C1,-2.8647682883990724
CCCCCCCCCCCC(O)C1=CC=C(Cl)C(C2=CC=CC=C2)=C1,-0.45140844200490027
CCC(CCCCCCN(C)C)C1=CC=C(C2=CC(Cl)=CC=C2Cl)C=C1,-1.0537984835124345
CCCCCCCC(C=CC(C)C)CC(=O)NC1CCC(C)C2=CC=CC=C21,-3.9063611136557714
CCCCCCCC(C1=CC(NC(=O)C2=CC=C(F)C=C2)=CC=C1F)C(C)N,-2.277065621549597
CCCCCCCCCCCCCC1=CC=C(C2=CC=CC=C2C2=CC=CC=C2)C=C1,1.1504515390372019
O=C(NN1CCC(CCCCCCCO)CC1)C1=C(O)C(O)=C(O)C2=CC(O)=C(O)C=C21,-3.203268676664173
CC(=O)CCCCCCCCCSC1=CC=CC=C1C1=CC=CC=C1[N+](=O)[O-],-1.4980909144666088
OCCCCCCCCCC1CCN(C(O)C2=CC=C(Cl)C=C2C2=CC=CC=C2)CC1,-2.7924994800550484
CCC(CCCCCCC(N)=O)N1N=NC(C2=CC=CC=C2C2=CC=CC=C2Cl)=N1,-4.062432477703386
CCCCCCCCCC(CC)N1N=NC(C2=CC=CC=C2C2=CC=CC=C2Cl)=N1,-2.856142168796282
CCCCCCCC(C(=O)O)C1=CC=C(CC(=O)C2=CC=CC=C2C2=CC=CC(Cl)=C2)C=C1,-3.4206759599056573
O=C(CC(CCO)CCCCCCCO)N1CCCC(C2=CC=CC=C2C2=CC=CC=C2)C1,-2.132814080019723
O=C(CN1CCC(Cl)C(CCCCCCCCCO)C1)C1=CC=CC=C1C1=CC=CC=C1Cl,-2.916282896092478
O=C(O)CCCCCCCCC1CCN(CC(=O)C2=CC=CC=C2C2=CC=CC=C2F)CC1,-4.9521948776608316
CCCCCCCC(CCC)C1=CC=C(C2=CC=CC=C2C2=CC=C(C(=O)N(C)C)N=C2O)C=C1,-2.9023376857153815
CCNCC1=CC=C(C2=CC=CC=C2OC(=O)C(=O)C(C(C)C)C(C(=O)O)C(C)C)C=C1,-2.098267894861816
O=C(CN1CCC(Cl)(CCCCCCCCCO)CC1)C1=CC=CC=C1C1=CC=CC(Cl)=C1,-3.0144598752876726
CCCCCCCCCCC(CC)C1=CC=C(C2=NNN=N2)C=C1C1=CC=CC=C1,-2.1257158527046998
CCCCCCCCCN1CCN(CCCC(=O)C2=CC=CC=C2C2=CC=C(Cl)C=C2)CC1,-3.398421922408222
CCCCCCCCCCCC1=CC2=CC=CC=C2N1CC1=CC=C(C(C)=O)C=C1C1=CC=CC=C1,-1.1060013278100562
CCCCCCCCC1CCN(C(=O)C2=CC=C(N3N=NC(C4=CC=CC=C4C4=CC=CC=C4)=C3C)C=C2)CC1,-2.475864167449515
O=C(O)CCCCCCC1CCN(CN(C(=O)CC2=CC=C(F)C=C2)C2=CC=C(C(=O)NC3=CC=CC=C3)C=C2)CC1,-3.467524631580629
O=C(CN1CCN(C2=CC=CC([N+]([O-])=[N+]([O-])[NH+]([O-])[O-])=C2)CC1)C1=CC=CC=C1C1=CC=CC=C1C1=CC=C([NH+]([O-])C(=O)O)C=C1,-3.1961940881911675
O=C(NC1=CC=C(F)C(C2=C(F)C(F)=CC=C2F)=C1F)C1=NC(F)=C(F)N=C1S(=O)(=O)C1=C(F)C=C(F)C=C1F,-4.63764490239251
CCCC1=CC(N2N=NC(C3=CC=C(OCC)C=C3C3=C(Cl)C=CC(Cl)=C3Cl)=N2)=CC=C1,-4.258231149155173
CC(C)N1CCCC(C2=CC=C(Cl)C(C3=CC=CC=C3C3=CC=C(Cl)C=C3)=C2)CCC1,-3.4364546611035243
CC(C)C(=O)C1=CC=CC(N2N=NC(C3=CC=C(Cl)C(C4=CC=CC=C4C4=CC=CC=C4)=C3)=N2)=C1,-3.612640421219933
CCCCCC1CCCC(C2=CC=C(Cl)C(C3=CC(C4=CC=CC=C4)=CC=C3C(F)(F)F)=C2)C1,-1.4299784770391002
FC1=CC=C(C2=CC(F)=CC(Cl)=C2)C(F)=C1.O=C(CC(C(F)(F)F)C(F)(F)F)NCC1=CC=CC=N1,-3.6864024415123735
C=CC(=O)N1C2=CC=CC1=C1CCCC=C21.CC(=O)C1=CC=CC=C1C1=CC=C([N+](=O)[O-])C=C1,-2.8715534892647048
CC1=CC=C(C2CCC(C(=O)O)(C3=CC=C(NC(=O)CCN4CCOCC4)C=C3)CC2)C2=CC=CC=C12,-3.640796038664614
C1CCC1.CC1CCC(C)C1CCN1CCN(CC(=O)C2=CC=C(F)C=C2C2=CC(F)=CC=C2F)CC1,-3.332874173868051
CC=CC1=CC=CC=C1C#CC1(C(=O)NC2CCC(C)(C)C3=CC=CC=C32)CCCCC1.CCCO,-4.49046395124294
CS(=O)(=O)C1=CC=C(C2=CC(C3C(CO)N4CCCCNCC34)=CC=C2Cl)C=C1,-3.0576664588787263
CC1C(CO)C2CCC1C2C1=C(C(=O)CN2CCN(C)CC2)C(C2=CC=C([N+](=O)[O-])C=C2)=CC=C1,-3.8345526353732855
CC1=CC=C(C(CCCCCCCCCO)CC(C)C)C=C1,-3.430927689047613
CC(C)C1=CC=C(CCCCCCCCCC(N)=O)C=C1C1=CC=CC=C1,-1.656212464993732
CC(C)N(C(=O)CCCCCCO)C1=CC(C2=CC(Cl)=CC=C2Cl)=CC=C1,-1.7406045613719685
CCCC(CCCCCCCC(=O)O)C1=CC=CC=C1C1=CC=CC=C1[N+](=O)[O-],-3.274782648099613
CCC(CCCCCCCCN(C)C)CN(C)C(=O)C1=CC=C(C2=CC=CC=C2)C=C1,-2.0587311536638855
CC(CO)OC(C)(C)C(=O)C1(Cl)CCN(CC(=O)C2=CC(C3=CC(Cl)=CC=C3Cl)=CC=C2)CC1,-3.1252930202349587
O=C(CN1CCN(CCCCCCCCCCCCO)CC1)C1=CC=CC=C1C1=CC=CC=C1,-3.2946553357540633
CCCCCCCCCCCCCN1CCN(CC(=O)C2=CC=CC=C2C2=CC=CC=C2)CC1,-2.800198916899854
CCCCCCCC(C1=CC=C(C2=CC(OCC)=CC(C(F)(F)F)=C2)C=C1)C(CC)CC,-1.8930464095860369
CCC(CCCCCCCC(=O)O)OC(=O)C1=CC=CC=C1C1=CC=CC(C(F)(F)F)=C1,-4.647165483656523
O=C(O)CCCCCCCCC1CCN(C(O)C2=CC=C(Cl)C(C3=CC=CC=C3)=C2)CC1,-3.424053654317074
CCCCCCCCCC1=CC(=O)N(C)C2=CC=C(C(=O)C3=CC=C(Cl)C(C4=CC=CC=C4)=C3)C=C12,-0.8886705571262274
CCCCCCCCCCCC1CCN(C(O)C2=CC=C(N(C)C)C(C3=CC=CC=C3)=C2)CC1,-2.7987850029777377
CCCCCCCCC(C1=CC=CC=C1)N1N=CC=C(C2=CC=C([N+](=O)[O-])C=C2)C1C(=O)CC,-1.9208676202274007
CCCCCCC(CC(=O)C1=CC=CC=C1NC(=O)C1=CC=C(C(F)(F)F)C=C1)C(CC)CC,-2.379595962011453
CCCCCCCCC(=CC1=CC=C(C(=O)NC2=CC=CC=C2)N1S(=O)(=O)C1=CC=CC=C1)CC,-1.7558873487737103
O=C(CCO)CCCCCCN1CCN(C2=CC=C(C3=CC(Cl)=CC=C3Cl)C(C3=CC=CC=C3)=C2)CC1,-2.4107644025693187
COC1=CC=C(C2=CC=CC(OC)=C2OC)C(C2=CC=C(C(CC(C)C)N3CCC(C(=O)N(C)C=O)CC3)C=C2)=C1,-3.2685861597963273
OCC1C(C2=CC=CC=C2C2=CC=CC=C2)C2CN(CC3=CN=CC=N3)CCCCN12,-4.865703416224907
OCC(O)CC(CCCCCCCCCN1C=CN=N1)C1=CC=CC=C1,-1.5513545517997656
CCCC(CCCCCCCCCC(=O)C1=CC=CC=C1)C1=CC=CC=C1,-2.1364115002280664
CCCC(CCCCCCN(C)C(=O)C1CCC1)C1=CC=CC=C1C1=CC=CC=C1,-2.9083063176646133
O=C(NC(CCO)CCCCCCCCCN1CCOCC1)C1=CC=C(Cl)C=C1,-1.9568973811178703
COC(=O)C1C(C2=CC=C(C3CCC3)C=C2)C2CCCCCCN2C1CO,-2.5573220110058164
CC(C)C(C1=CC=C(C2=CC=C(NC(=O)C3=CC=C(C(=O)N(C)C)N=C3)C=C2)C=C1)C1COCC(CO)O1,-2.2334150693885078
CCCCC(=O)N1C(CO)C(C2=CC=C(Cl)C(C3=CC=CC=C3)=C2)C1CO,-1.3847393043549117
CCC(CC)C(CCCCC(N)=O)C1=CC=C(C2=CC(Cl)=CC=C2Cl)C=C1.FC(F)F,-3.115986844773703
CCCCCCCCC(CC)CC(=O)NC.ClC1=CC=C(Cl)C(C2=CC(Cl)=CC=C2Cl)=C1,-2.431953537837609
CC(C)C#CC1=CC=C(C2=CC(C3C(CO)N(C(=O)N(C)C)C3CO)=CC=C2Cl)C=C1,-1.1658957795271019
CCC1CC(C2=CC=C(Cl)C=C2C2=CC=CC=C2)CC(C=O)N1C(=O)C1=NC(Cl)=CN=C1,-4.119900861513247
CC(=O)C1=CC=CC=C1C1=CC(Cl)=CC=C1C1CC(C=O)N(CC2=NC(Cl)=CN=C2)C(C=O)C1,-4.465799856009453
CC(O)C(C1=CC=C(NC(=O)C2=CC=CC=C2)C=C1)C1CCC(CC(=O)N2CCC3=CC=CC=C3C2)OC1CO,1.1983463423958525
CC(C)C(C1=CC=C(C(=O)NC2CCCCC2)C=C1)C1CCC(CC(=O)N2CCC3=CC=CC=C3C2)OC1CO,-0.28852959334249095
CC(C)C1CCC2CCCCC2C1CN(C)C(=O)C1=CC(Cl)=CC=C1Cl,-1.1765538106765998
O=C(CC1OC(CO)C(C2=CC=C(C3=CC=CC=C3[N+](=O)[O-])C=C2)C2CCC=CC12)N1CCNCC1,-1.2482526770037434
CCN(C)CC1C(OC(=O)C2=CC=CC=C2C2=CC=CC=C2)C2CCCC1N2C,-3.278782079188127
C1CCC1.CCCCCCCN1C(CO)C(C2=CC=C(C3=CC=CC=C3)C=C2)C1CO,0.7831838343751709
CCCCCCCCCCC(CC(C)O)C1=CC=C(Cl)C(C2=CC=CC=C2)=C1,-0.4103626794419165
CCCCCCCCCCC(C1=CC=C(C2=CC(Cl)=CC=C2Cl)C=C1)C(C)N,-0.692139382703643
CCCCCCCCCC(CCC)C1=CC=C(CC(=O)NC2=CC=CN=C2)C(OC)=C1,-0.7876218852292134
CCCCCCCCCCCCCN1CCN(C2=NC=NC(C3=CC=CC(Cl)=C3)=C2Cl)CC1,-2.796034967501079
CCCC(=O)NC(=O)CCCCC1=CC=C(C2=CC(Cl)=CC=C2N2CCC(Cl)(Cl)CC2)C=C1,-2.4472157980920364
CCCCCCCCC1CCN(NC(=O)C2=CC=C(Cl)C=C2)CC1C(O)CC(C)C,-2.353320008921844
O=C(CN1CCC(CCCCCCCCCCCCCO)CC1)C1=CC=CC=C1C1=CC=CC=C1,-3.870572207973034
CCC(CC)(CN(C)C(=O)N1N=NN=C1C1=C(Cl)C=CC=C1C1=CC=CC=C1F)OC(=O)C(C)(F)F,-5.0100274301281855
CCCC(CCCCCCCC(=O)O)CC(=O)N1CCN(C2=CC=CC=C2C2=CC=CC=C2)CC1,-2.4888013894973557
O=C(CN1CCN(CCCCCCCCCCCCCO)CC1)C1=CC=CC=C1C1=CC=CC=C1,-3.1572021445093723
CC(O)COC(CCCCCCCO)CC(=O)C1=CC=CC=C1C1=CC=CC=C1C1=NN=NN1,-2.8877006753417485
CCCCCCCCC1CCN(NC(=O)C2=CC=CC=C2C(=O)CC2=C(O)C(O)=C(O)C3=CC(O)=C(O)C=C32)CC1,-2.567026985275291
OCC1C(C2=CC=C(Cl)C(C3=CC=CC=C3)=C2)C2CN(CC3CCOCC3)CCCCN12,-2.873792403792094
COC1COC2COC(CC(=O)N3CCOCC3)CC2C1C1=CC=C(C2=CC=CC=C2N(C)C)C=C1,-2.8001333705565954
CN(C)C(=O)C1CCN(C2=CC=C(C3C4=CC=CC=C4CC4=CC=CC=C43)C=C2)CC1,-2.872971217522263
CN(C)C1=CC=CC=C1C1=CC=C(C2C3=CC=CC=C3CC3=CC=CC=C32)C=C1,-2.520200095463239
CN(C)C(=O)C1=CC=C(C2=CC=CC=C2)C=C1.O=C(CC1=CC=CC=C1)NCC1CC2C(CO)COC2C(CO)O1,-2.040234186388504
CC(=O)C(CC(=O)OC1=CC(Cl)=CC=C1NC(=O)C1=CC=C(Cl)C=C1)C1C(C)CCOC1C,-1.7692729058018952
CC1=CC=C(C2=CC=CC=C2C(C2CCCCC2)C2C3C4CCCCC4C2C3C(=O)O)C(C)=C1,-4.854976701943135
CCC1C2CC(N3CCN(CC=CC(F)(F)F)CC3)CC1CC(F)(F)C2.FC(F)(F)C1=CC=CC=C1,-2.637176528772116
COC1CC(N=C(N)C2CCN(C3=CC=CC=C3C3=CC(Cl)=CC=C3Cl)CC2)CC(OCCO)C1,-2.692353500753632
CC(C)CCN1CCC(CC(=O)C2=CC=CC=C2C2=CC=CC=C2C2=CC=CC=C2)CC1C(=O)O,-2.8541455649467276
CCCCCCCN1C(=O)C(C2=CC=C(Cl)C(C3=CC=CC=C3C(=O)O)=C2)C1CO,-2.425379329948286
COC1=CC=C(N2N=NN=C2C2=CC=CC=C2C2=CC=CC=C2C2=NN=NN2)C(C(=O)CO)=C1OC,-3.1113981992366004
CCCNC(=O)C1(C)CCN(C2=CC=C(C3CC4CCCC4C4=CC=CC=C43)C=C2)CC1,-4.309124823189469
CNC(=O)CC1CCC(C(C2=CC(NC(=O)C3=CC=C(Cl)C=C3)=CC=C2Cl)C(C)O)C(CO)O1,-1.7865100884202043
O=C(NC1=CC=C(C2C3CCCC4C5CCC3CC5C42)C=C1)C1=CC=C(C2=CC=CC=C2)C=C1,-2.114305719926639
CCC1C2CCCC1C(CC(=O)C1=CC=CC=C1NC(=O)C1=CC=C(NC(=O)C3=CC=C(F)C=C3)C=C1)CC2,-1.814263193098473
CCC1C2CCCC1C(C(CC1=CC=CC=N1)OC(=O)C1=CC=CC=C1NC(=O)C1CCCCC1)CC2,-4.308952977340068
CCN1CCN(N(C(=O)C=CC2=CC=C(C3=CC(Cl)=CC=C3Cl)C=C2)C2=CCCC3=CC=CC=C32)CC1,-1.9433002790385094
CCCCC1C(CO)N2C1CCC2N(C(=O)C1=CC=C(Cl)C=C1)C1=CC=C(C2=CC=CC=C2)C=C1,-2.079304775644485
CCCCCCC[N+]12C3=NC4=C5N=C(N(C5=N3)C3CC(C)C1O3)[N+]2(C)[N+]4(C)C.CN1CCOCC1,-5.302631927560904
CCN(CC(C1=CC=CC=C1)C(C)(OC)C(=O)NC(C)C)C(C)C,-4.125677572163381
CC(O)CCCCCCC(CCCCCCO)C1=CC=CC=C1C1=CC=CC=C1,-3.3433722287777807
CC(=O)C(CCCCN(C(C)C)C(C)C(=O)O)C1=CC=CC=C1C1=CC=CC=C1,-1.254996698103186
CCCCCCCCCCC(CCC)C1=CC=C(Cl)C(C2=CC(Cl)=CC=C2Cl)=C1,0.3549698749978767
CCCC(CCCCCCCCN(C)CC)C1=CC=CC=C1C1=CC=CC=C1[N+](=O)[O-],-2.7678303659591386
CCCCCCCCCCCC(CC)C(O)C(=O)OC1=CC=CC=C1C1=CC=CC=C1Cl,-1.3485994296228574
CCCCCCCCCCCCC(CCC)N1N=NC(C2=CC=C(C3=CC=CC=C3)C=C2)=N1,-1.3972230219941109
CCNC(=O)CCCCCCCC(CC)N1N=NC(C2=CC=CC=C2C2=CC=CC=C2Cl)=N1,-4.050906760523697
CCCCCCCC(C(CC)C(C)O)N1N=NC(C2=CC=C(C3=CC=CC=C3Cl)C(Cl)=C2)=N1,-1.6419693098488295
O=C(CN1CCN(CCCCCCCCCCCCCCO)CC1)C1=CC(C2=CC=CC=C2)=CC=C1,-3.41045414318375
CCCCCCCCCCCC(CCC)N1N=NC(C2=CC=CC=C2C2=CC=C(OCC)C=C2)=N1,-2.1060203810824447
CCCCCCCCCCC(CC(C)O)C(=O)NC1=CC=C(C2=CC=C(C(F)(F)F)C=C2)C=C1,0.6518472311439742
CCCCCCCCCCC(CCC)C1=CC=C(C(=O)NC2=CC=CC=C2C(=O)CC2=CC=CN=C2)C=C1,-1.682363925200911
CCCCCCCC(CCC)NC(=O)C1=C(C2=CC=C(C(C)O)C=C2)C(C(C)C)=NN1C(=O)O,-3.2080578759437426
O=C(O)C1=CC=C(CC(=O)C2=CC=C(CN3CCN(CCCCCCCCCCCCO)CC3)C=C2)C=C1,-2.641211091897598
CCCCCCCC(CCCCCCN1CCN(C)CC1)CC(=O)C1=CC=CC=C1C1=CC=CC=C1,-2.8277118188225057
CC(O)C(CCCCCCN(CCO)C(=O)C1=NC=CN=C1)C1=CC=CC=C1C1=CC=CC=C1,-4.185158118296312
OCC1C(C2=CC(F)=CC=C2C2=CC=C(F)C=C2)C2CN(CC3=CN=CC=N3)CCCCN12,-4.57307362372557
C=C1CCC2C3=C1C(CCC3)C2CN1CCC(NC(=O)C2=CC(C(F)(F)F)=CC=C2Cl)CC1,-1.5434042220223794
CN1C2C=C3CCC(=O)C=C3C1C(C1=CC=CC=C1C1=CC=CC=C1)C2CO,-3.058446189344934
CC(C1CCC1)N1C(CO)C(C=C(C2=CC=C(F)C=C2)C2=CC=C(F)C=C2C2=CC=CC=C2F)C1CO,-3.1482304260400586
CC1CCN(C(=O)C2=CN=CC=N2)C(C=O)C(C2=CC=C(F)C=C2C2=CC=C(F)C=C2)C1C=O,-4.348080430307314
CN(C)C(=O)CC(CO)N(CC1C(C2=CC=CC=C2)CN1CC1CCOCC1)C1=CC(C2=CC(Cl)=CC=C2Cl)=CC=C1F,-3.305297933901607
O=C(NC1=CC=C(C2=CC=C3OC4COC(CC(=O)N5CCC6=CC=CC=C6C5)CC4C3=C2)C=C1)C1CCCCC1,-1.134581766864625
CC1OCCCC1C(C1=CC=C(N(C(=O)C2=CC(C(=O)N(C)C)=CC=C2)C2=CC=CC=C2)C=C1)C1CCOC1C,-2.880359685651272
CNC(=O)CC1CC(C(C2=CC(NC(=O)C3=CC=C(C(F)(F)F)C=C3)=CC=C2F)C2CCCC2C)CCO1,-3.8597234349571083
CC1=C(C)C(CC(=O)NC2=CC=C(CN3CCC(CC4CCCC5=CC=CC=C54)CC3)C=C2Cl)=NO1,-4.585428456977719
COC(=O)CC1CCC(C(C2=CC=C(NC(=O)C3=CC=C(Cl)C=C3)C=C2)C2CCOC2C)C(C)O1,-2.318962683556956
CCC1C(O)COCC2OCCC2C1C1=CC=C(NC(=O)NC2=CC(Cl)=CC=C2Cl)C=C1,-2.1247980031445812
CN(C)C(=O)C1=CC=C(C2=CC=CC(C3CCCCN4CCCC3C4CO)=C2C=CCC2=CC=C(C(F)(F)F)C=C2)C=C1,-3.495055902539753
CCN1CCCC2OCCC(C2C2=CC=C(Cl)C(C3=CC=CC(C(F)(F)F)=C3)=C2)C1CO,-2.5419996247795487
CC=C1CCCC=C1C1=CC=CC=C1OC(=O)N1N=NC(C2=CC=C(Cl)C(Cl)=C2)=N1,-1.3639302475379977
COC1CCCN2CCCC(C1C1=CC=C(Cl)C(C3=CC=CC=C3[N+](=O)[O-])=C1)C2CO,-3.204991953266111
CCCN1C=C(CC2=CC=C(NC(=O)CC3CCC4CCC(CO)C4C3)C=C2C2=CC=CC=C2)N=N1,-2.1191991609787566
COC(=O)C1CC(C2=CC(Cl)=CC=C2Cl)CC2CC(C)(C)CCN21,-3.9076415258374064
CCOC(=O)CCCC(CCCCCCCC(=O)O)C1=CC=CC=C1,-4.617636303943615
CCCC(CCCCCCN(CC)C(C)CO)C1=CC=C(Cl)C(C2=CC=CC=C2)=C1,-2.850547843606639
COC(=O)CCCCCCCC(CCCC(C)O)C1=CC=CC=C1C1=CC=CC=C1,-3.428479487957139
CCCC(CCCCCCCCCC(=O)O)C1=CC=C(C2=CC(Cl)=CC=C2Cl)C=C1,-0.33726164333072917
CCC(CC)C(CCCCCCCCCO)OC(=O)C1=CC=CC=C1NC(=O)C1CCCC1,-4.007862988829681
CC1C(C2=CC(C(=O)N(C)C)=CC=C2CN(C)C(=O)C(C=CC2=CC=CC=C2)C2=CC=CC=C2)C(CO)N1C,-4.668609677513206
CC1=C2N=CN(CCCCCCCCCC(CC(=O)C3=CC=CC=C3C3=CC=CC=C3)C(CO)NC(C)C)C2=NC=N1,-4.139570787125764
O=C(CC(O)CCCCCCC1CC(C2=CC=C(Cl)C=C2)CC(CO)O1)NCO,-2.0924699042350037
CCCCCCCCCCCC1CCCC(CC(=O)N2CCN(C3=CC=NC4=CC=CC=C43)CC2)C1,-1.2838736264554582
CCN(CC(=O)O)CC1C(C2=CC(F)=CC=C2C2=CC=C(F)C=C2F)C(CO)N1C(=O)C1CCC1,-1.4749363926730423
CN(C)C(=O)C1(CC2C3CCC4=CC=C5CCC2C4=C53)CCN(NC(=O)C2=CC=C(Cl)C=C2)CC1,-3.146243157274614
C=C1C=C(N2CSC(CC3=CC=C(Cl)C(C4=CC=CC=C4)=C3)C2)C(=CC(=O)O)C2=CC=CC=C12,-3.664315833265406
O=C(CC1CC2CC(O)OC(CO)C2OC1CO)C1=CC=C(NC(=O)C2=CC=CC=C2C2=CC=CC=C2)C=C1,-1.8500587487739222
CN(CC1C(CO)C2OC1C(F)OC2CO)C(=O)C1CCN(CC(=O)C2=CC=CC=C2C2=CC=C(F)C(Cl)=C2)CC1,-2.67616787019042
CCC(=O)N1CCCCN2C(CO)C(C3=CC=C(Cl)C=C3C3=CC=CC(Cl)=C3)C2C1,-2.640160844746732
NC(=O)CCCCCCCCCCCCCC(C(=O)O)C1=CC=CC=C1,-3.627139312499655
CC(=O)N(CCCC(CC(C)C)C1=CC=C(Cl)C(C2=CC=CC=C2Cl)=C1)C(C)C(=O)O,-1.8262533056182624
O=C(O)CCCCCCC(CCCCCC(=O)O)C1=CC=C(Cl)C(C2=CC=CC=C2)=C1,-3.5087792791977037
CCC(CCCCCCCCN(C(=O)O)C(C)CO)C1=CC=CC=C1C1=CC=CC=C1,-3.608353509691767
CCCCCCCCN(C(=O)C1=CC=C(Cl)C(C2=CC=CC=C2)=C1)C(CCC)C(C)O,-1.885506672943566
CCCCCCCCCC(=O)N(C1=CC=CC=C1C1=CC(Cl)=CC=C1Cl)C(C)C(C)O,-1.9965321908875677
CCCCCCCCCCCCCC(CC(C)O)NC(=O)C1=CC=CC=C1C(C)=O,-3.5300267336473623
CCCC(CCCCCCCCCCN(C)CC)C1=CC=CC=C1C1=CC=CC(C(C)=O)=C1,-2.2503175942603777
CCCCCCCCCCCCCC(CC(C)O)C1=CC=CC=C1C1=CC=CC(C(F)(F)F)=C1,-1.2825805165518898
COC(=O)CCCCCCCCCCCCCN1CCN(C2=CC=CC=C2C2=CC=CC=C2Cl)CC1,-3.053701356809194
CCCCCCCCC(CC(C)N)N1N=NC(C2=CC=C(F)C(F)=C2C2=C(F)C(F)=CC=C2Cl)=N1,-3.069776170890082
O=C(CCCCCCCCCCCC1CCN(CC(=O)C2=CC=CC=C2C2=CC=CC=C2)CC1)OCCO,-4.2158737570862765
O=C(NN1CCC(CCCCCCCCCCCCCCCO)CC1)C1=CC=C(Cl)C=C1C1=CC=CC=C1,-1.7687180203722872
CC(=O)CCCCCCCC(CCC(=O)O)C1=CC=C(C(=O)NC2=CC=C(C3=CC=CC=C3Cl)C=C2)C=C1,-0.9111318234531536
CC(O)C(C(CCCCCCCO)C1=CC=C(F)C=C1C1=CC=CC=C1)N(C)C(=O)C1=COC=N1,-4.753126316962497
CCC1C(C2=CC=C(C3=CC=C(N(C)C)C=C3)C=C2)C2CCN(C(C)CO)CC2N(C(=O)C2=CC=NC=C2)C1C,-4.378363041647327
CC(O)C(C(CCCCCCCO)C1=CC=CC=C1C1=CC=CC=C1Cl)N(C)C(=O)C1CCC1,-2.837722140681862
CC1NC(C2=C3C=CC=C2CC3)C(C2=CC=C(F)C=C2C2=CC=C(F)C=C2)C1CO,-2.9464128336375497
CN(C)C(=O)CC1C2=CC(C3=CC=CC=C3C3=CC=CC(F)=C3)=CC=C2OC2COCC(O)C21,-3.9334328575713444
CN1CCN(C2=CC=C(C3=CC=C(C4CC5CCC6OC(CO)CCCC5C6C4)C=C3)C=N2)CC1,-2.7302106796413392
CCCCCCCCCC(OC(=O)C1=CC=C(NC(=O)C2CCCCC2)C=C1)C1CC(=O)OC1C,-2.4073726553431145
CCCCCCCCC(C1CC(=O)OC1C)N1N=NC(C2=CC=CC=C2C2=CC(N(C)C)=CC=C2Cl)=N1,-2.4788241921299985
CN(C)C(=O)C1=CC=C(C2C(CO)N3C(CO)CC(C4=CC=C(C5=CCCC5)C=C4)CC23)C=C1,-3.006609169929405
CC(C)(CCN1CCN(C2=CC=C(Cl)C=C2)CC1)C1=CC=CC=C1C1=CCCCC1=O,-2.8628018981013117
CCCCCCCCCC1=COC(C2=CC=C(C3CC4OC(OC4=O)C3C)C=C2)=N1,-4.401781455227152
CC1C(O)COCC2OC(CO)CCC2C1C1=CC(NC(=O)NC2=CC=C(F)C=C2)=CC=C1F,-0.9446372972987999
CC1C2=CC=CC=C2C(C2=CC=C(Cl)C(C3=CC(Cl)=CC=C3NC(=O)N3CCC(C)(C)CC3)=C2Cl)C1CO,-1.595655799474139
COC1=CC=C(C(=O)CC2=CC=C(CNC(=O)CC3COCC4OC(O)COC4C(CO)O3)C=C2)C=C1,-3.941808134430179
O=C(O)CCCCC1C(C2=CC=CC=C2C2=CC=CC=C2Cl)C2CCCCCN1C2=O,-3.788051268978061
CCCCCCCCCCCC[N+]1(C)C2=CC=C(C=C2)C2=CC3=CC=C2[N+]1(C)[N+]3(C)C,-4.116094154741819
CCCCCCN(C1=CC=C(C2=CC(Cl)=CC=C2Cl)C=C1Cl)C(C)(C)C(=O)NC(C)CO,-3.373308137101537
CCCC(CCCCCCCCCCN(C)C)C1=CC=C(Cl)C(C2=CC(Cl)=CC=C2Cl)=C1,-0.4434668952367563
CCCCC(O)COC(=O)CCCCCCCCCN1C=C(C2=CC=CC=C2C2=CC=CC=C2)N=N1,-2.1367774254874075
CCCCCCCCCCCCCCC(CC(C)O)NC(=O)C1=C(C(C)C)C=CC=C1,-2.5973257573523094
CCCCCCCCCCC(C1=CC=C(NC(=O)NC2=CC=C(F)C=C2)C=C1)C(C(C)O)C(C)O,1.7026882138123063
CCCCCCCCCCCCCC(CCC)C1=CC=C(CN2C=C(C)N=N2)C(C2=CC=CC=C2)=C1,1.540622721994346
CC(C)NC(=O)CC(CCCCCCC(=O)O)NC(=O)C=CC1=CC=C(Cl)C(C2=CC=CC(Cl)=C2)=C1,-4.620056399404515
CCCCCCCCCCCCCCCCCC1CCN(C(O)C2=CC=C(N(C)C)C=C2)CC1,-2.168953904563153
CC(C)N1C2C(=O)C(F)(F)C1C(C(F)(F)F)C2CC(=O)C1=CC=C(F)C=C1C1=CC(F)=CC=C1F,-3.7643845220854915
OCC(O)CC(CCCCCCCCCCCCCCN1C=CN=N1)C1=CC=CC=C1,-1.3818112498280697
CCCC(CCCCCCCCCCCCCCC(=O)NC)NC(=O)C1=C(C)ON=C1C,-4.208256930716971
O=C(CC1CCCCC1C1=CCCC2=CC=CC=C21)N1CCN(C2=CC=CC=C2C2=CC=CC=C2Cl)CC1,-0.8646210717851961
CC1CCN(CC(=O)C2=CC=CC=C2C2=CC=C(C3C(CO)C4C5=CC=CC=C5C(O)C3C4C)C=C2)CC1,-4.8418280854099915
COC1=CC=CC=C1NC(=O)C1CN(C)CCC1CC1C2=CC=CC=C2CC2=CC=CC=C21,-4.408652077131243
CC(=O)N1CC(O)C(C)OCC(O)C1C(CCCCC(F)(F)F)C1=CC=CC=C1,-2.20147181684961
O=C(CC1CCCC1)C1CCN(C(COC(C(F)(F)F)C(F)(F)F)C2=CC=CC=C2C2=CC=CC=C2[N+](=O)[O-])CC1,-3.357996792372602
CC(C)C(CCCCCC(=O)O)C(C1=CC=C(C2=CC=CC=C2C2=CC=C(Cl)C=C2)C=C1)C(C)(C)O.ClC1CCC1,-3.4528567050144634
CN(C=O)CCCC1C(C(F)(F)F)C2OC1(CCCOC1=CC=C(F)C=C1)C1=CC=CC=C12,-3.3764037714447195
CC1C(CO)C2CC3CC(CCN31)C2=CC=C(C1=CC=CC=C1)C1=CC=C(C(=O)N(C)C)C=C1C1=CC=CC=C1,-1.3993576445603273
O=C(CN1CCC(CCCCCCCCC2OC3(O)CCC2OC3)CC1)C1=CC=CC=C1C1=CC=CC(Cl)=C1,-3.7814799720289436
CC1=C(C)C(CC(=O)N2C(CO)C(C3=CC=C(C4=CC(Cl)=CC=C4Cl)C=C3)C2CO)CC1,1.4309184195834876
CCC1=C(C)C(=O)N(C2=CC=C(C3=CC=C4C(=C3)N(CC)C(CO)CC4C)C=C2)C1=O,0.2859279944380495
C=C1CN(C(=O)CC2=CC=C(C(=O)NC3=CC=C(F)C=C3F)C=N2)C(=CC(C)C)C2=CC=C(F)C=C12,-2.70220703335086
CC(O)CC(C(=O)OCCO)C1C(C2=CC=C(C3=CC=CC=C3C3=CC=CC=C3)C=C2)C2CCN1C2=O,-3.2980771961548117
CCCCCCCC(CC(NC(C)C(=O)O)C(=O)OC(C)C)C1=CC=CC=C1,-4.150587792410145
CCCCCCCCCCC(CC(NC(C)C(=O)O)C(=O)O)C1=CC=CC=C1,-3.8137645072126802
CCCCCCCCCCCCCCCCCC(CC(C)O)OC=O,-2.341204374652828
CC(C)CCN(CCCC(C1=CC=C(F)C(C2=CC=CC=C2)=C1)C(C)C(C)O)CC(O)CO,-2.549880844821355
CCCCCCCCCCCCCCCCC(CC(C)O)C1=CC=C(N2CCOCC2)C=C1,-2.779256508908332
CCCCCCCCCCCCCCCCC(CC(C)O)C1=CC=C(C(=O)NCCC)C=C1,-0.682771675989068
CC1=C(C)C(CN2CCN(C3=CC=CC=C3C3=CC(C(C(C)CO)C(CCCCCO)C(C)C)=CC=C3Cl)CC2)=NO1,-2.4350075156226714
CC(C)CC(CCC(=O)N(C)CC(=O)O)C1=CC=C(N(C(=O)C2=CC=CC=C2)C2=CC=C(F)C=C2)C(C(=O)CN2CCN(C3=CC=C4C=CC=CC4=C3)CC2)=C1,-3.033321563295413
CN(C)C1=CC=C(C2=CC(C3=CC=C4C=CC=CC4=C3)=CC=C2C(=O)OC2=CC=CC(CCCCCC3CCC(=O)O3)=C2)C=C1,-2.5463918320413717
O=C1C(=O)C(Cl)(Cl)CCN1C1=CC=C(Cl)C=C1C1=CC=C(C2C3=CC=CC=C3CC3=CCCC=C32)C=C1,-1.095750451874713
CN1CCN(CC(=O)N(C)C2=CC=C(C(=O)NC3=CC=C(C4C(CO)CCCC4C4=C5C=CC=C4CC5)C=C3)C=C2)CC1,-4.374061274286386
CC1(CCCO)CCN(CC2=CC=C(C#CC3=CC(C4=CC=CC=C4)=CC4=CC=C=C34)C=C2)CC1,-2.832648371902846
CCC(CO)C(C1=CC=C(C2=CC=CC=C2C2=NN=NN2C)C=C1)C(C1=CC(OC)=CC=C1C)C(C)O,-1.222139711471357
O=C(O)CCC(CCCCC1CC2OC(O1)C1(O)CNC(=O)C2O1)C1=CC=CC=C1F,-0.4671825258493367
CN(C)C(=O)C1CC(F)=C2C(=O)C3CC(C4=CC(F)=CC=C4C4=CC=C(F)C=C4)CC(CO)N3C2C1,-2.680603340046339
COCCCCCCCC(CC(=O)C1=CC=C(C2=CC=CC=C2)C=C1)C1C2CCN1C(=O)CCO2,-3.055581221918763
CCC1C(C)OC(CC(=O)NCC2=CC=NC=C2)CC1C1=CC(C(=O)NC2=CC(F)=CC=C2F)=CC(C)(C)C1,-3.2821551562461133
CCCCC1C2=CC=CC=C2C(C(C(=O)C2=CC=C(C(F)(F)F)C=C2)C2=CC=C(C(F)(F)F)C=C2)C(CC)C1CC,-2.8154055681586225
CCCCCCCCCC(CCCCCNC(C(=O)O)C(C)O)C1=CC=CC=C1,-3.6965048093085877
CCCCCCCCC(CC(NC(C)C(=O)O)C(=O)OC(C)C)C1=CC=CC=C1,-4.0805983506246495
CCCC(=O)N(C(C)CCCNC(=O)C1=CC=C(C(CC(C)C)C(C)C)C=C1)C(CO)C(C)O,-1.3967101946316167
CCCCCCCCCCCCCC(CCC)C1=CC=C(Cl)C(C2=CC(OC)=CC=C2OC)=C1,-0.6741166477387145
CC(C)OC(=O)CCC(CCCCOC(=O)COCCO)C1=CC=C(C2=CC=CC=C2C2=CC=CC=C2)C=C1,-3.296651036208381
CC(O)CC(CCCCCCCCCCC(=O)O)N1N=NC(C2=CC=C(C(=O)N(C3=CC=CC=C3)C3=CC=C(F)C=C3)C=C2)=N1,-1.7674258640525795
CC1CCOC(CN2CCN(C)CC2)CC2C1C(CC(=O)C1=CC=C(C3=CC=CC=C3C3=CC(F)=CC(F)=C3)C=C1)CCN2C(=O)N(C)C,-3.578721744430911
CC1CC(C(C2=CC=C(C3=CC=CC=C3C(=O)N(C)C)C=C2)C2CCOC2CO)C2CC(=O)OCC2O1,-2.24151210051455
O=C(CC12CCC(O1)C(CCCCC1CC(C3=CC=C(O)C=C3)CC(CO)O1)O2)NCC1CCCCC1,-3.1272383313105383
CC(C)=CC=C1CCCC2=C1C1CCCC(CC(=O)C3=CC=C(CN4CCCCC4)C=C3)C1CC2,-2.713689387559204
CC(C)C1=C2C3C(CCN3C=O)C(C3=CC=C(C4CCC4)C=C3C3=CC=CC=C3)=NN2CCC1(C)C,-3.5916680004311146
CC(C)(O)CC1C(OC(=O)C2=CC=CC=C2C2=CC=CC=C2)CCCCCN1C(=O)CCCC(N)=O,-3.7981678903435596
CC(CO)N(CCC1CC(C2=CC=C(F)C=C2C2=CC=CC=C2)C(CO)N(CC2CCC2)C1)C(C)CO,-1.5314861301783758
CCC1C(=CC(CC(C)O)NC(=O)NC2=CC=CC=C2C2=CC=C(C(=O)N(C)C)C=C2)C2CCOC(COC1C)C2,-2.593567332037401
CC1(C)CCCC2C(CC(C3=CC=C(Cl)C=C3)N3CCN(C4=CC=CC=C4C4=CC=CC=C4Cl)CC3)CC(=O)CC2C(=O)O1,-0.6691754271163194
CC1(C)OC2C(=O)OC1C2C(CCCCCCO)N1N=NC(C2=CC=C(Cl)C=C2C2=CC(Cl)=CC=C2Cl)=N1,-3.142348520033515
CNC(=O)CC12CC(O)C3OC(CO)CC(C(CO)O1)C3C2.COC1=CC=C(Cl)C(C2=CC=CC(Cl)=C2)=C1,-1.450226801451682
OCC(O)C=C1CCCC=C1C1C2CC3C(C4=CC=C(Cl)C(C5=CC=CC=C5)=C4)CC2CN31,-1.2688301635084094
CCCC(C=C1C2=CC=C(C=C1C(C1=CC=C(NC(=O)C3=CC=C(NC(=O)C4=CC=CS4)C=C3)C=C1)C(C)C)C2)CC,-1.3527457628145243
O=C(CC1CC(C(C2=CC=C(NC(=O)C3=CC=CC=C3)C=C2)C2C(C(F)(F)F)OCC2(F)F)CC(F)O1)NCC1CCCCC1,-3.6819631573210123
CCCCCCCCC(CC(CC(C)O)N(C(C)CO)C(C)CO)C1=CC=CC=C1,1.1527734655490858
CCCCCCCC(=O)N(CCC1=CC=CC=C1C1=CC=CC=C1OC)C(CCC)C(=O)C(C)C,-2.4614729809574145
CCCCCCCCCCCCCCCC(CCC)C1=CC=CC=C1C1=CC(OC)=CC=C1OC,-0.8520303018104909
CCCCCCCCCCCCCCCC1=CC=C(C2=CC=CC=C2C2=CC=C(C(CCC)C(C)C)C=C2)C=C1,0.9551160082099099
COC(=O)CCCCCCCCCCCCCC(CC(C)O)OC(=O)C1=CC=CC=C1C1=CC=CC=C1,-2.8201432739097205
CCCC(C(=O)C(CC)C(C)=O)C(C1=CC=C(NC(=O)C2=CC=CC=C2)C=C1)C(C(=O)C(C)C)C(C)C,-0.568610322613867
CCCC(CCCCCCCCCCN(CCC)C(C)=O)C1=CN=C(C(=O)NC2=CC=C(C3=CC=CC=C3)C=C2)C=N1,-4.676687034698546
CCCCCCCC(CCCCCCCCN(CC)CC)C1=CC=C(C2=CC=CC=C2C2=CC=CC=C2C2=CC=CC=C2)C=C1,-1.5028838277043721
O=C(NC1C(CO)OC(CO)C2OC(CO)COC12)C1=CC=C(N(CC2=CC=NC=C2)C(=O)CC2CCCCC2)C=C1C1=CC(F)=CC(F)=C1,-2.680300100378675
O=C(CN1CCC(C(=O)NC2=CC=C3CCC4C5CCC6OCCC5C6C4C3=C2)CC1)C1=CC=CC=C1,-4.6416112089890245
C=C1C=CC=C1C1C(CO)N2CCCCN(C3=CC(C4=CC(Cl)=CC=C4Cl)=CC=C3)C(CO)C12,-1.2184525289085586
CC1CCC=C2C=C3C(=C=C21)CC1CCCC3C1C1=CC=C(C2(C)CCN(CC(=O)C3=CC=C(Cl)C=C3)CC2)C=C1,-1.3693061392877879
O=C(NC1=CC=C(C2C3=CC=CC=C3C3=CC=CC4=C(C(=O)OC4=O)C2=C3)C=C1)NC1=CC=CC=C1Cl,-4.521309076683445
CC(=O)N1CCC(C=C(C=C2CCCC2=CC(C)C)CC(=O)C2=CC=CC=C2C2=CC=CC=C2Cl)CC1,-3.301734340826002
CC(NC(=O)CCC(CCCCCCCCCCC(=O)O)C1=CC=C(Cl)C=C1)C(=O)O,-2.7321940336940935
CCCCCCCCCCCCCCCCCC(O)(C1=CC=C(OC)C(OC)=C1)C1=C(O)C=NC=C1,-3.3792854014941387
CC(O)C(CCCCN1CC(O)COCC2OC(CN(C)C=O)CCC21)C1=CC=C(Cl)C(C2=CC=CC=C2)=C1,-2.039662236826654
CCCC1OC2=CC=C(C(=O)NC3=CC=C(OCC)C=C3)C=C2C2=CC3=CC(=C2)OC(CC(=O)NCC)C31,-2.2506819636723674
CCCC(CC(C(C)N(C)C(=O)C1CCCCC1)N(C(C)CO)C(C)C(=O)O)C1=CC=C(OC)C=C1,-0.6222655755083978
O=C1CCCCN1CCC1C(=O)N2C(CO)CCCCC(C3=CC=CC=C3C3=CC=C(F)C=C3)C12,-1.4865880456581069
CCCCC1C2=CC(N(C(=O)C3CCCCC3)C3CCOCC3)=CC=C2C2CC(C)OCC2OCC1O,-2.16656843925298
CNC(=O)CC1CCC(C2=CC=C(C3=CC=CC=C3C(=O)NC3CC(CO)OC(CO)C3)C=C2)C2CCOC2CO1,-2.57730029552567
CCCCN1C(CO)C(C(C)O)C(C2=CC=CC=C2C2=CC=C(C(C(C)C)C(C)C)C=C2)C1C(=O)O,-1.4872621667117554
CC(CC1C(C2=CC=CC=C2C2=CC=C(F)C=C2)CCCCCN1C(=O)C(C)(C)O)OC(=O)C(C)C,-3.527625308354681
C=C1CCCC=C1C(=O)C1C(C2=CC(C(=O)N(C)C)=CC=C2)C(C(C)=O)C2CCC(CCF)N21,-3.541463717339392
CCNC(=O)CC1OC(C)C2CCOC3C(C)OC(C)C3C(C3=CC=C(C(=O)NC4=CC=C(C(C)=O)C=C4)C=C3)C2C1CC,-4.653627570159292
COC1=CC(C2=CC=CC=C2N(CN2CCCCC2)C(=O)CC2CCCC3C4=CC(NC(=O)C5CCOCC5)=CC=C4OC(CO)C23)=CC(O)=C1,-3.5502272533953545
CNC(=O)CC1CCC(C(C2=CC=C(C(C)=O)C=C2)C2C(CO)OC3=CC4=CC(=CC=C4)C32)C(C)O1,-2.366266264922048
CC(O)C(CCCCCN1C(=O)C(O)COCC2OCCCC21)C1=CC=CC=C1C1=CC=C(F)C=C1,-2.272273310575325
O=C(CC1C2=CC=CC=C2C2CCCC1C2CC1COCC(CO)O1)NCC1=CC=C(Cl)C=C1,-3.1069510856198574
CC(=O)OCC1OC(C)CC2C3=C4CCC3=CC=C4C3=CC=C(Cl)C(=C3)C3=CC(C4=NNN=N4)=CC=C3C3=NN(N=N3)C12,-2.9523986300962717
CN1CCCC(C2COC(CO)CO2)C(C2=CC=C(Cl)C(C3=CC=CC=C3)=C2)C(CC(=O)O)C1CO,-1.6260874961224598
CC1CCC2C(COCC(O)CN2CCCC(CCCC(=O)O)C2=CC=C(Cl)C=C2)O1,-2.8046680131340143
O=C(NC1=CC=C(F)C=C1)NC1=CC=C(C2C3C(O)C(F)OC(F)(F)C3OC(CCCC(O)F)C2(F)F)C=C1,-2.4703860791136147
O=C1OCC(O)(F)CC2CC(C3=CC=C(F)C=C3C3=CC=CC=C3C3=CC=CC=C3)CC1N2CCCCC(O)(F)F,-3.4544605326907076
CCCCC(CCCCCCCCCCCC(=O)NC(C)C(C)O)C1=CC=C(OC)C=C1,-3.108074106275873
CCCCCCC(CCCCCCC(=O)NC(=O)CCCCN1CCN(C)CC1)C1=CC=CC=C1C1=CC=CC=C1[N+](=O)[O-],-4.225493711826286
CCOC(=O)C(O)CC(CCCCCCCCCCCCCC(=O)N1CCN(C)CC1)C1=CC=CC=C1,-3.8536771110175514
CCCCCCC(C1=CC=C(Cl)C(C2=CC=CC(Cl)=C2)=C1)C1C2C3OCC(CCCC2C(=O)N1C)O3,-2.214128283733446
CNC(=O)CC1CC2C3OC(OC3=O)C(O1)C2C(CCCCCCCCO)C(=O)NC1=CC=C(C2=CC=CC=C2)C=C1,-3.737767085596547
CC(O)CC(CCCCCCCCCCC1OCOCC(O)CC1[SH](=O)=O)C1=CC=C(Cl)C=C1,-2.774630623412043
COC(=O)CCCCCC1CCCC1=CC=C1CCCC=C1C1=CC(NC(=O)C2CCCOC2)=CC=C1,-1.9685597117327418
CCCCCCCCC(C1C(C)OC(C)C2C(C)OC(C)CC21)C(C1=CC=CN=C1)N(C)C(=O)C1=CC=CC(C(F)(F)F)=C1,-4.9904566772371695
CC(CO)C(C)(CCN1CCN(NC(=O)C2=CC=C(Cl)C=C2C2=CC(Cl)=CC=C2Cl)CC1)C(C)COC1=C2C=CC=C1CC2,-2.2944083006560607
CC1OC(CO)C(NC(=O)C2=CC=NC=C2)C2C(CO)C(=O)C=C(C3=CC4CCC(=C3)C4)C12,-1.5670350338599925
O=[N+]([O-])C1=CC(C2=CC=CC=C2C2=CC=C(C3C4=CC5=CC=C4C4CCCC=C4C3=CC(CCCO)C5)C=C2)=CC=C1Cl,-1.776451685858825
CCC1C(C)OC(C)C(C(C)C)C(CC)C(CCCCCC(=O)O)C1C1=CC=C(C(F)(F)F)C=C1.FC(F)F,-4.72790151441899
CC(C)CC1CC2CC(COC(CO)C(C3=CC=C(C4=CC=C(C(=O)N(C)C)C(F)=C4)C=C3)C2CC(O)C(C)C)O1,-2.85048430480835
CC(C(=O)OC(C)(C)C)N(CCCCCCC(CCCCO)C1=CC=CC=C1C1=CC=CC=C1)C(=O)CO,-2.5645115314283338
CC(O)CCCCCC(CCCCCCO)C1=CC=C(NC(=O)C2=CC=C(NC(=O)C3=CC=C(C(C(C)C)C(C)C)C=C3)C=C2)C=C1,-0.748280779288574
COC(=O)C(C)(C)C(NC(C(=O)NC(=O)C(C)C)C(C(C)=O)C(C)C)C(CC(C)C)C1=CC=CC=C1,-3.302622077211576
CNC(=O)CC1CCCCCC(C2=CC=C(C(=O)NC3CCCCC3)C=C2)C2C3CC4OC(OC4O1)C(C)C2OC3=O,-2.600804832784693
CCCCCCCCCCCC1C(C)OC2COC(CC(=O)NC)CC2C1C1=CC=C(NC(=O)C2=CC=C(O)N=C2)C=C1,-3.4276284896445093
CC(C)OC(=O)CCCC(C1=CC=C(C2=CC=C(Cl)C=C2)C=C1)C(C)(CC1CCCC1C)OCC(O)CO,-0.9615736994920328
CCCC1C(O)COCC(=O)N1CCCCCCCC(C1=CC=CC=C1C1=CC=CC(Cl)=C1)C(C)OCC,-2.5603696650242247
CCCCN(CCCC)CCC(C1=CC=C(Cl)C(C2=CC=CC(Cl)=C2)=C1)C(C)C(CO)N1CCCCC1=O,-2.4793945356558726
CC1=CC(C2=CC=C(C(=O)N(C)CC3C(CO)OC(C)CC3C3CC(CO)OC4C(C)OC(=O)CC34)C=C2)=CC=C1,-2.517315052587372
OCC(O)C(CCCCN(CCC(F)(F)F)C1CCC(F)(F)OC1CO)C1=CC=CC=C1C1=CC=CC=C1,-2.8428193977370224
CCC1C2C3=CC(C4=CC=C(C(C)=O)C=C4)=CC=C3N(C)C1CC(CCCCCN1CCNCC1)OCC2O,-2.426547319611622
CCCCCCCCCCCCC(CC(O)CO)C1=CC=C(C2CC3COCC(C2)O3)C=C1,0.6584249522369947
CC(O)C(CCCCCCN1C(=O)C(O)C2COCC(O2)C(O)C1C)C1=CC=CC=C1C1=CC=CC(F)=C1,-2.352828260781531
O=C(NC1CCN(C(=O)CC(C2=CC=CC=C2C2=C3C(O)CCCC3CC2)C2CCCCC2)CC1)C1=CC=CC2=CC=CC=C21,-3.402936690290442
CC1(C)CCN(CC(=O)N2CCN(C3=CC=CC=C3C3=CC=C(C4C(CO)C5COC(CO)C4C5C4=C5C=CC=C4CC5)C=C3)CC2)CC1,-2.067336043478622
CC(CO)C1(C(CO)C2COCC(CO)O2)CCN(C(=O)C2=CC=C(C3=CC=CC=C3C3=CC(Cl)=CC=C3Cl)C=C2)CC1,0.23330702871187659
CCCCCCCCCCCCCCCCCCCCCCCCCCCC1=CC=C(C)C=C1,-0.6848748804765096
CCCCCCCCCCCCCCCCCCCCCC1CCC(C(=O)OCC(C)O)O1,-2.894323766951082
CCCCCCCCCCCC(CC(CO)N(C(C)CO)C(C)C(C)O)C1=CC(Cl)=CC=C1Cl,1.2279110556547228
CCCCCCCCCCCCCCCCCCCCCCCCC1CCC(N(C)C)C(C(O)O)O1,-0.9377627104933944
CCCCCCCCCCCCCCCCCCCCCC(CC(C)C)C1=CC=C(CC(=O)NCO)C=C1,-1.7926372662334134
OCCCCCCCCCCCCCCCCCCCCCCCCCCN1CCN(CCCO)CC1,-3.6252660722884853
CC1CC(C2C(C)OC(CO)C(C)C2CC(=O)N2CCNCC2)C(CN(C)C(=O)C2=CC=CC=C2C2=CC(Cl)=CC=C2Cl)C(CO)O1,-2.5898541768615577
CC(=O)O.CN1CCN(C(=O)CC(SC(=CC=CC2=CCCCC2)OC(=O)C2CCCCC2)C2=CC=CC3=CC=CC=C32)CC1,-2.8980208617671686
CC1OC(CO)C(C)C(C(C2=CC=C(NC(=O)C3=CC=C(C(F)(F)F)C=C3)C=C2)C2C3CCCC2C(CO)OC3C)C1O,-1.530623488104922
CCCCN1CCC2CN(CCCC)C(CNC(C)=O)C3=C(C(C4=CC=C(C5(C(=O)N(C)C)CCCCC5)C=C4)=C21)C(C)N3,-4.579061728861008
CC1CC(N(CCCCCCCC(C2=CC=CC=C2)C2CCCCO2)C(=O)C(C)O)C(O)CO1,-2.578504420998459
OC1COC2COCCOC(CCCCCCCCCCCN3CCN(C4=CC=CC=C4C4=CC(Cl)=CC=C4Cl)CC3)C2O1,-2.4719825792507195
C=C1CC=CC=C1C=C=C1CCN(C(=O)CC(=O)O)C(C)C1=CC=C(C(=CC(C)C)CC)C1CCCCC1,-4.110903044959327
COCC(O)C(C)NC(=O)C(C(C)C)N(C(=O)NC(C)C(C)O)C(CC(C)C)C1=CC=C(C(=O)N(C)C)C=C1,-2.8559553667368567
CC(=CCCl)C1COCC2OCCCC(C(C)O)N1C2CC(CCCCCN(C)C(=O)C1=CN=CC=N1)C1=CC=CC=C1,-3.975478477906457
CC(C)C(C(O)CO)C1C(C)OC(CO)C(C2COC3=CC2=CC=C3)C1C1=CC(C(=O)N(C)C)=CC=C1F,-2.569244419071505
CC(CC(N)=O)OC(CO)C1C(C)OC(CO)C2C3CCC(OC3=O)C(C)C(CC(=O)C3=CC=CC=C3C3=CC=CC=C3)C12,-2.9871281542985306
CCCCCCCCCCN(CCC(C1=CC=C(C2=CC=C(Cl)C=C2)C=C1)C1CCOC1C)C(CCC)C(C)O,-1.8565140096237942
O=C1OC2CCC3CC(C4CCCCC4)=CC(=C3C2)C2=CC(C3=CC=C(CC(=O)N4CCOCC4)C=C3)=CC=C12,0.7407104062070289
COC1=CC=C(C(CCCC2CC3OC(O2)C(CO)OC3C2CCCC(CC(=O)O)O2)CC(C)C)C=C1,-2.4972333795015826
CC(C)C(C1=CC=C(F)C=C1C1=CC=C(F)C=C1)C(C(C)C)N(CC(O)CO)CC(C)C1CCC(F)OC1CO,-1.9965880006377237
COC1=CC=C(OC(=O)C2=CC=C(F)C=C2C2=CC=CC=C2Cl)C2=C1C1CCN(C(=O)C(C(C)CO)=C2C)C1CO,-2.1665826928222645
O=C(CC12CCC(CO)OCC(CC(C3=CCCCC3=CC3=CCCCC3)C1)O2)NCC1=CC=C(Cl)C=C1,-1.5176049855801235
CNC(=O)CC1C2=C(C(C)C3=CC=CC=C32)C(C)(O)COC(CO)C1C(C)CO.ClC1=CC=C(Cl)C(C2=CC=CC=C2Cl)=C1,-2.4616749399813598
CCCCC1C(=O)N(C)C(C2=CCCCC2=CC(C)(C)O)C1C(C1=CC=C(C2CCCCC2)C=C1)C(CC)CC,-3.2689724114484857
CCCCCC#CC1=CC=CC=C1C1C(CO)OC(CO)C(C(C)CO)C1C1=CC=C(C(=O)NC2CCCCC2)C=C1,0.16187225492548896
CC(C)C=C(C(=CC(C)C)C(O)(C1=CC=CC=C1)C(=CC(C)C)C(C)CCCCCCCO)C(C)O,-5.007051043956199
CCCCCCCCCCCC(CC(NC(C)C(=O)OC)C(=O)OC(C)(C)C)C1=CC=C(OC)C=C1,-5.200197346994101
CC(C)CCN(C(=O)CO)C(C(=O)OC(C)(C)C)C(CCCCCCCCCO)C1=CC=CC=C1C1=CC=CC=C1,-2.5472083005805235
CC(C)(C)OC(=O)C(CC1C2COC3OC1C(O)C3O2)OC(=O)CCCCCCC1CCCC1,-3.9935311252914327
COCC(O)CN(CCCCCC1CC(O)COC2=CC=C1C(C1=CC=CC=C1)=C2)C(CC(C)C)C(=O)OC(C)C,-1.755407595714591
CC1CC23C4=CC=CC=C4C4(C)CC2C(C(CO)O4)C(CN2CCN(CNC(=O)C4=CC(Cl)=CC=C4Cl)CC2)C3CO1,-1.9671516698796618
COC1=CC=C2C(=C1)N1CCC(CC(C3=CC(F)=CC=C3C3=CC=C(F)C=C3)N(CC(C)O)CC(O)CO)C2C1,-2.7996286737512284
OC1CC(C2=CC=C(N3CCNCC3)C=C2)C(CCCCCCCCCCC2CC3OC4CC(O2)C3O4)OC1O,-4.083148735754078
CC(C)CC(C1=CC=C(C2=CC(Cl)=CC=C2Cl)C=C1)N(CCC1COCC(CO)O1)CC1COC(CO)C(CO)O1,0.21257571407391196
CCCCCC(O)OC(CCCCCCCCCCCC(CC(C)C)C1=CC=C(OC)C=C1)CC(C)O,-1.3469906834614378
CCCC1C(O)COCC2OC(CC(=O)O)CCC2N1C(CC(=O)O)CC(CCCCN1CCN(C)CC1)C1=CC=CC=C1,-2.7669842861316845
CNC(=O)CC1CC2C(=CC(C)O)C3=C=C4CCC(CO)C=C4C=C3OCC(O1)C2C1=CC=C(NC(=O)C2=CC=C(C3CCC3)C=C2)C=C1,-1.8452281438793539
CC(C)CC(NC(=O)CCCCCCCC(CC1OC2COC1CO2)C1=CC=C(C(F)(F)F)C=C1)C(O)CO,-3.343727764991904
CCCC(CCCCC(=O)NC)C(=CC=C(C(CCC)CCC)C(CCC)CCCN(CC)CC)C1=CC=CN=C1,-2.0275244191857236
CC(=C=C1C(=CC(C)C)C2CC3CCC1C(C3CC1C3=CC=C(C=C3)OCC1C)C2C(C)O)C1=CCCC1,-3.6980000288019745
CCCC1CC(NC(=O)CC2C3=CC(C)CCC(C)C=C3C(=CCC(=O)O)C=C2C(=CC(C)=O)C2=CCCC2=O)CCO1,-2.1267604787296515
CC(C)(C)OC(=O)CCCCCCCCCCCC(OC(=O)C1CCCCC1)C1CCC(=O)OC1CC(=O)C1=CNC2=CC=CC=C21,-3.5656536304510498
CN(C)C(=O)N1C2CCCCC2=C2OCC(C)(C)C(C3=CC=CC=C3)=C(C3CCCCC3)C=C2C2=C(C(CO)CCC2)C1CO,-1.3083318165844178
CC(C)(C)CC(CCCCCCCCCCCO)C1=CC=C(C(C(NC(C)(C)C)C(=O)O)C(C)(C)C)C=C1,-4.109327122158161
CC(C)(C)OC(=O)N(CCCCCCCCCCC(C1=CC=CC=C1C1=CC=CC=C1)C(C)(C)C)CC(=O)OCC(=O)O,-3.7192826152886016
CCCC(CCCCCCCCCCCCCCC(=O)O)C1=CC=C(C2=CC=C(NC(=O)C(CCCO)CC(C)C)C=C2)C=C1,0.11965709741769093
COC(=O)CC1OCCCC1CC(CCCCCCC1OC(CO)COCC(CC(C)C)O1)C1=CC=C(OC)C=C1,-3.1669903315178383
CCOC1C2CCCCCCCCC(CC(C)C)C3=CC=C(OCC1OC(CO)OC(CO)O2)C(CC(N)=O)=C3,-0.9019378697557008
CC(C)CC(O)COC(=O)CCCCCCCCCCCC(CC1CCCCCOC1C)C1=CC=CC=C1,-3.09754915026355
CC(C)=C=C1C2=CC=C3C=CC=C2C2(C4=CC=C(N5CCC(N6CCCCC6)CC5)C=C4)CC(C)COC4CC3C(C(C)C)=C1C42,-4.196352389801513
COC1=CC(CO)=CC(C2=CC(C3C4CC(C)CC(O)C(C5OCC(CO)OC5C)C3C(C)OC4CO)=CC(C(F)(F)F)=C2)=C1,-1.9718374805932948
CC(=O)C1C(CC(F)(F)F)C(C2=CC(F)=CC=C2C2=CC=CC=C2)C2C(C3=CCCCC3=CCC(F)(F)F)C(CO)N12,-2.920428275700284
COC(=O)CC1COCC(OC(=O)OCCCC(CCCCCCCOC(C)C)C2=CC=C(NC(=O)C3=CC=CC(Cl)=C3C3=C(Cl)C=CC(Cl)=C3)C=C2)O1,-2.006706228039198
C=C1C=C(C2C3CCN2C(CO)C(C2=CC=C(Cl)C(C4=CC=CC=C4)=C2)CC3C)C(=CCCO)C2=CC=C(OC)C=C12,-2.6143714201805146
CC=C(C=C(C(=O)N(C)C)C(C(C1=CC(F)=CC=C1C1=CC=CC(F)=C1)C(C)CO)N(CCC(C)C)CC(O)C(F)(F)F)C(CO)CO,-3.8056851424823708
CC(CO)OC(=O)C1=C2C(=CC(C)(C)CN2C(=O)C2=CN=CC=N2)C2=CC(C3=CC=C(C(=O)NC4CCOCC4)C=C3)=CC=C2OCC1(C)C,-3.884144416494771
O=C(O)CCCCCCCCCCCC(CC1C(O)COC2CCN1C(O)COC2CO)C1=CC=CC=C1C1=CC=CC=C1,-1.7854167292411152
CCCCC=C1CCCC=C1C(=CC(C)C)C(C1=CCCCC1=C=C(C)C)C1=CC=C(CCC(=O)C2=CC(Cl)=CC=C2Cl)C=C1[N+](=O)[O-],-3.632796172715102
O=C(O)N1N=NC(C2=CC=C(CC3=NN(C4C5CCC6OC5CC(C5=C7CCC5=CC=C7C#CCCCCCCCO)C64)N=N3)C=C2)=N1,-3.7249067525210435
CC1COC(CO)CCCC1C(C)(C)CC(CCCCCCCCCCCN1CCN(C)CC1)C1=CC=C(C(=O)CO)C(C2=CC=CC=C2C2=NN(O)N=N2)=C1,-3.049752515853915
CN(C)C(=O)C1CCN2CCC(C1C1=CC=C(F)C=C1C1=CC=CC=C1)C2C1=C2C(CO)CCCOCC2CC2CCCC(CO)=C12,-2.3523178424730005
OCCOCCCCCCCC(CC1C(O)COCC2CN1C1CC(CO)OCC1O2)C1=CC=C(Cl)C=C1C1=CC=CC=C1,-0.7671335337211994
CNC(=O)CC1CCC(N2CCC(O)CC3CCC(C4=CC(F)=CC=C4C4=CC(F)=CC=C4)C(O3)C(O)COCC(O)C2=O)C(F)(F)O1,-2.582794544598576
C=C1C2=CC(=CCCN(C)C=O)CC(C)C=C1C1CC(C)OC(C)C1C(CN(C)C(=O)C1=CC(Cl)=CC=C1Cl)C(CO)O2,-2.2852899310267145
CCCCCCCC1=CC2=CC(=C1)C(=CC1CCCCC1)C=C2C(=CC1=CC=CC=C1C)CC(=O)N1CCOCC1,-2.5975846302761445
CCCCCCCC1CC(C(C)O)N2CC3OC4C5=CCCC(=C5C=C(C2=O)C4OC3CO)C2=CC=C1C=C2,-0.20497888415534193
CC(C)C=C1C(=CC(C)C)C(=CC(C)(C)O)N2CCCCC2C(C(=O)O)C(C2=CC=C(C(=O)N(C)C)C=C2C2=CC=CC=C2)C1=CC(C)(C)O,-3.569316797757149
CC(C)CC(C1=CC=C(Cl)C(C2=CC=CC(OO)=C2)=C1)N(CCC1C(O)COC(C)C1C)CC(O)COCC1COC(CO)CO1,-1.2033137577640765
OCC1OC(C2OC(O)COC2OCC2OC3=CCCC=C3C2O)C(CCCCCCCN2CCOCC2)OC1O,-1.310159159298719
COC1=CC=CC(C2=CC=CC=C2C2=CC=C(C(C(C(C)CO)C3COC(=O)C(=O)O3)C(C(C)CO)C(C)C3OC(CO)C(=O)OC3CO)C=C2)=C1,-2.329003419722602
COCC1C(C2=CC(F)=CC=C2C2=CC=CC=C2C2=CC=C(C3C(CO)N4C(=O)CC(F)(F)C(O)C34)C=C2)C2CC(F)(F)CC1N2CC(F)(F)F,-3.008806628653171
CCCCCCCC(C1=CC=C(F)C=C1C1=CC=CC=C1Cl)C(C1=C2CCN(CC2=O)C(C)C(CO)N1C(C)CO)N(C(C)=O)C(C)=O,-2.5512416591790243
OCCOCCCC#CC1=CC(C2=CC=CC=C2C(CC2C3C(CO)C4C(CO)C3OC(CO)C24)N2CCC(C3CCCC(CO)O3)CC2)=CC=C1,-3.5314428558689452
COC1=CC=C(C2CC(CCCCC3CC4CC(CC5=CC6=CCC(=O)C=C6C=C54)O3)C(CO)OC2C(O)CO)C=C1,-0.754123036281967
CC1CC(C2=C(C(CO)CN(C)C(=O)N3CCC4=CC=CC=C4C3)C(=CC(CO)CO)C(C)COC3=CC=C(NC(=O)C4=CC=CC=C4)C=C32)CC(CC=O)O1,-0.8708880751055404
CC(C)(C)CC(CCCCCCCCC(=O)NC1CC(CC2OC3CC4OC3OC24)OC(O)(CO)C1)C1=CC=C(O)C=C1,-3.936106706716406
FC1=C(F)C(C2=C(C3=C(C4=C(F)C(F)(F)C(F)(F)C4(F)F)CC(F)(F)C3)CC(F)(F)C2(F)F)=C(F)C(F)=C1COCCN1CCN(CNCC(F)(F)F)CC1,-3.285464393374065
COC(=O)CC1CC2C=C3C=C4C(=O)C5C(CC(C)(C)C#CC6=CC=C(NC(=O)C7=CC=C(C#CC(C)(C)C)C=C7)C=C6)C(CCN5C(N)=O)C4=CC3=CC2CO1,-1.3574486376603991
CCC(CC)C1=CCC(CC)(CC(=O)O)C(C(C)(C)C)=C1C1=CC(NC(=O)C2=C(C(C)C)SC=C2)=CC=C1C1=CC=C(OC)C=C1C(C)(C)C,-4.431808104583537
CCC(C=C(C(=C=C(C(CO)NC(C)C)C(C)(O)CO)C(=CC1CCOCC1)COC(=O)C(F)(F)Cl)C1CC(CC(=O)OC)OC(C)C1O)CC,-3.7124234363908384
CCC(CO)(NC(CO)CN(C(=O)C1=CC=NC=C1)C1=C(C(C)C)NC(=C(N)NN)C(=CC(C)C)C1=CC(C)C)C(=O)C(CC(C)C)C1=CC=C(CN)C(C)=C1,-4.639390061234616
CC1(C(F)(F)F)OC(CO)CC(F)(CC2OC(F)C(F)OC2O)C1=CC(CC1OC(CO)C(CO)OC1CO)NC(=O)NC1=CC=C(F)C=C1C1=CC=C(C2CCCCC2)C(Cl)=C1,-0.847127023788022
COC1=CC=C2C(=C1)C1=C3C4=CC5=CC=C6C7=CC(O)C(O)=C6C5C5=C4C4CC(C6=CC=C(C8=CC(CC(N)=O)=CC=C8C8=CC=C(C(=O)NC9CCCCC9)C=C8C8=CC=C(N9CCOCC9)C=C8)C=C6)CC(C4)C(=C3C75)C3CC2CC13,-1.4720030934349673
FC1(F)C(F)(F)C(F)(F)C1(F)F.FC1=C(F)C(F)=C(C2=C(F)C(F)=C(N(N(F)N(F)F)N(N(F)F)N(F)F)C(F)=C2F)C(F)=C1F.FF.FF.FF.FF.FF.FF.FF.FF.FF.FF.FF.FF.FF.FF.FF.FF.FF.FF.FF,-3.4080370590403053
FF.FF.FF.FF.FF.FF.FF.FF.FF.FF.FF.FF.FF.FF.FF.FF.FF.FF.FF.FF.O=C(N(C1=C(F)C(F)=C(F)C(F)=C1F)C1=C(F)C(F)=NC2=C(F)C(F)=C(F)C(F)=C21)C1(C2=C(F)C(F)=C(F)C(F)=C2F)C(F)(F)C(F)(F)C(F)(F)C(F)(F)C1(F)F,-3.6395266679803115
FF.FF.FF.FF.FF.FF.FF.FF.FF.FF.FF.FF.FF.FF.FF.FF.FF.FF.FF.FF.FF.FF.O=C(C1=C(C2=C(F)C(F)=C(N3C(F)(F)C(F)(F)N(F)C(F)(F)C3(F)F)C(F)=C2F)C(F)=C2C(=C1F)C(F)(F)C(F)(F)N2F)N(F)C(F)(F)F,-2.262603367965571
FF.FF.FF.FF.FF.FF.FF.FF.FF.FF.FF.FF.FF.FF.FF.FF.FF.FF.FF.FF.FF.FF.FF.FF.O=C(N(F)C1=C(F)C(F)=C(F)C(F)=C1F)N(C1=C(F)C(F)=C(F)C(F)=C1F)N1C(F)(F)C(F)(F)C(F)(F)C(F)(F)C1(F)F,-2.63540286279144
FC1=C(F)C(F)=C(C2=C(F)C(F)=C(F)C(F)=C2C2=NN=NN2C(F)(F)F)C(F)=C1F.FF.FF.FF.FF.FF.FF.FF.FF.FF.FF.FF.FF.FF.FF.FF.FF.FF.FF.FF.FF.FF.FF.FF.FF.FF.FF.FF.FF.FF.FF,-3.1795961078911916
F.FC1=C(F)C(F)=C2C(=N1)C(F)=C(F)C(F)=C2F.FF.FF.FF.FF.FF.FF.FF.FF.FF.FF.FF.FF.FF.FF.O=C(C1=C(F)C(F)=C(C(C(F)(F)F)(C(F)(F)F)C(F)(F)F)C(F)=C1F)N(F)C1=C(F)C(F)=C(C(C(F)(F)F)(C(F)(F)F)C(F)(F)F)C(F)=C1F,-6.182312035171833
F.FC1=C(F)C(F)=C(C2=C(F)C(F)=C(F)C(F)=C2F)C(F)=C1F.FF.FF.FF.FF.FF.FF.FF.FF.FF.FF.FF.FF.FF.FF.FF.FF.FF.FF.FF.FF.FN(F)C(F)(N(F)C1(F)C(F)(F)C(F)(F)C1(F)F)C(F)(F)F,-2.0466707268815343
F.FC1=C(C2=C(F)C(F)=C(F)C(F)=C2F)OC(C2(F)C(F)(F)C(F)(F)N(C(F)(F)C(F)(F)OC3=C(F)C(F)=C(F)C(F)=C3F)C(F)(F)C2(F)F)=N1.FF.FF.FF.FF.FF.FF.FF.FF.FF.FF.FF.FF.FF.FF.FF.FF.FF.FF.FF.FF.FF,-3.7463264543290973
F.FF.FF.FF.FF.FF.FF.FF.FF.FF.FF.FF.FF.FF.FF.FF.FF.FF.FF.FF.FF.FF.FF.FF.FF.FF.O=C(C1=C(F)C(C2=C(F)C(F)=C(C(=O)C(F)(F)F)C(F)=C2F)=C(F)C(F)=C1F)N(F)C1=C(F)C(F)=NN1C(F)(F)F,-3.5540871601084785
F.FF.FF.FF.FF.FF.FF.FF.FF.FF.FF.FF.FF.FF.FF.FF.FF.FF.FF.FF.FF.FF.FF.FF.FF.FF.FF.FF.O=C(C1=C(F)N(C(F)(F)C2=C(F)C(F)=C(F)C(F)=C2F)C(C(F)(F)F)=C1F)C(F)(F)F,-2.561281692703931
F.FC1=NC(C2=C(F)C(F)=C(F)C(F)=C2F)=C2N=C(F)N(C(F)(C(F)(F)F)C(F)(F)F)C2=N1.FF.FF.FF.FF.FF.FF.FF.FF.FF.FF.FF.FF.FF.FF.FF.FF.FF.FF.FF.FF.FF.FF.FF.FF.FF.FF.FF.FF.FF,-2.74731947975884
F.FF.FF.FF.FF.FF.FF.FF.FF.FF.FF.FF.FF.FF.FF.FF.FF.FF.FF.FF.FF.FF.FF.FF.FF.FF.FF.FF.FF.FF.FF.FF.O=C(N(F)C1=C(F)C(F)=NC(F)=C1F)N(F)C1=C(F)C(F)=C(F)C(F)=C1F,-2.6806463015086894
F.FF.FF.FF.FF.FF.FF.FF.FF.FF.FF.FF.FF.FF.FF.FF.FF.FF.FF.FF.FF.FF.FF.FF.FF.FF.FF.FF.FF.FF.FF.FF.O=C(C1=C(F)C(F)=C(C(F)(F)F)C(F)=C1F)N(F)C1=C(F)C(F)=C(F)C(F)=C1F,-1.9343064273859052
FC1=C(F)C(C2=C(F)C(N3C(F)(F)C(F)(F)N(F)C(F)(F)C3(F)F)=C(F)C(F)=C2C2=C(Cl)OC(C3=NN(F)N=N3)=N2)=C(F)C(F)=C1Cl.FF.FF.FF.FF.FF.FF.FF.FF.FF.FF.FF.FF.FF.FF.FF.FF.FF.FF.FF.FF.FF.FF.FF.FF.FF,-2.2871642753876174
FF.FF.FF.FF.FF.FF.FF.FF.FF.FF.FF.FF.FF.FF.FF.FF.FF.FF.FF.FF.FF.FF.FF.FF.FF.FF.FF.FF.FF.O=C(C1=C(F)C(F)=C(F)N=C1F)N(F)C1=C(F)C(F)=C(C2=C(F)C(F)=C(F)C(F)=C2F)C(F)=C1F,-2.917631163294087
FF.FF.FF.FF.FF.FF.FF.FF.FF.FF.FF.FF.FF.FF.FF.FF.FF.FF.FF.FF.FF.FF.FF.FF.FF.FF.FF.FF.FF.FF.FF.O=C(N(F)F)N(F)C1=C(F)C(F)=C(C2=C(F)C(F)=C(F)C(F)=C2F)C(F)=C1F,-2.3435319222906266
FF.FF.FF.FF.FF.FF.FF.FF.FF.FF.FF.FF.FF.FF.FF.FF.FF.FF.FF.FF.FF.FF.FF.FF.FF.FF.FF.FF.FF.FF.FF.O=C(N(F)C1=C(F)C(F)=C(F)C(F)=C1F)N(F)C1=C(F)C(F)=C(F)C(F)=C1F,-2.3995855891603846
FF.FF.FF.FF.FF.FF.FF.FF.FF.FF.FF.FF.FF.FF.FF.FF.FF.FF.FF.FF.FF.FF.FF.FF.FF.FF.FF.FF.FF.FF.FF.O=C(N(F)F)N(F)C1=C(F)C(F)=C(Cl)C(C2=C(F)C(F)=C(F)C(F)=C2F)=C1F,-2.08405522930614
